PassengerId,Survived,Pclass,Name,Sex,Age,SibSp,Parch,Ticket,Fare,Cabin,Embarked
1,0,3,"Braund, Mr. Owen Harris",male,22.0,1,0,A/5 21171,7.25,,S
2,1,1,"Cumings, Mrs. John Bradley (Florence Briggs Thayer)",female,38.0,1,0,PC 17599,71.2833,C85,C
3,1,3,"Heikkinen, Miss. Laina",female,26.0,0,0,STON/O2. 3101282,7.925,,S
4,0,1,"Futrelle, Mrs. Jacques Heath (Lily May Peel)",female,35.0,1,0,113803,53.1,C123,S
5,0,3,"Allen, Mr. William Henry",male,35.0,0,0,373450,8.05,,S
6,1,3,"Moran, Mr. James",male,,0,0,330877,8.4583,,Q
7,0,1,"McCarthy, Mr. Timothy J",male,54.0,0,0,17463,51.8625,E46,S
8,1,3,"Palsson, Master. Gosta Leonard",male,2.0,3,1,349909,21.075,,S
9,0,2,"Johnson, Mrs. Oscar W (Elisabeth Vilhelmina Berg)",female,27.0,0,2,347742,11.1333,,
10,1,2,"Nasser, Mrs. Nicholas (Adele Achem)",female,14.0,1,0,237736,30.0708,,C
11,0,3,"Sandstrom, Miss. Marguerite Rut",female,4.0,1,1,349909,16.7,G6,S
12,1,1,"Bonnell, Miss. Elizabeth",female,58.0,0,0,113781,26.55,C103,S
13,0,3,"Saundercock, Mr. William Henry",male,20.0,0,0,A/5. 2151,8.05,,S
14,1,2,"Andersson, Mr. Anders Johan",male,39.0,4,2,347082,31.275,,S
15,0,3,"Braund, Mr. Owen Harris",male,22.0,1,0,A/5 21171,7.25,,S
16,1,1,"Cumings, Mrs. John Bradley (Florence Briggs Thayer)",female,38.0,1,0,PC 17599,71.2833,C85,C
17,1,3,"Heikkinen, Miss. Laina",female,26.0,0,0,STON/O2. 3101282,7.925,,S
18,0,1,"Futrelle, Mrs. Jacques Heath (Lily May Peel)",female,35.0,1,0,113803,53.1,C123,S
19,0,3,"Allen, Mr. William Henry",male,35.0,0,0,373450,8.05,,S
20,1,3,"Moran, Mr. James",male,,0,0,330877,8.4583,,Q
21,0,1,"McCarthy, Mr. Timothy J",male,54.0,0,0,17463,51.8625,E46,S
22,1,3,"Palsson, Master. Gosta Leonard",male,2.0,3,1,349909,21.075,,S
23,0,2,"Johnson, Mrs. Oscar W (Elisabeth Vilhelmina Berg)",female,27.0,0,2,347742,11.1333,,
24,1,2,"Nasser, Mrs. Nicholas (Adele Achem)",female,14.0,1,0,237736,30.0708,,C
25,0,3,"Sandstrom, Miss. Marguerite Rut",female,4.0,1,1,349909,16.7,G6,S
26,1,1,"Bonnell, Miss. Elizabeth",female,58.0,0,0,113781,26.55,C103,S
27,0,3,"Saundercock, Mr. William Henry",male,20.0,0,0,A/5. 2151,8.05,,S
28,1,2,"Andersson, Mr. Anders Johan",male,39.0,4,2,347082,31.275,,S
29,0,3,"Braund, Mr. Owen Harris",male,22.0,1,0,A/5 21171,7.25,,S
30,1,1,"Cumings, Mrs. John Bradley (Florence Briggs Thayer)",female,38.0,1,0,PC 17599,71.2833,C85,C
31,1,3,"Heikkinen, Miss. Laina",female,26.0,0,0,STON/O2. 3101282,7.925,,S
32,0,1,"Futrelle, Mrs. Jacques Heath (Lily May Peel)",female,35.0,1,0,113803,53.1,C123,S
33,0,3,"Allen, Mr. William Henry",male,35.0,0,0,373450,8.05,,S
34,1,3,"Moran, Mr. James",male,,0,0,330877,8.4583,,Q
35,0,1,"McCarthy, Mr. Timothy J",male,54.0,0,0,17463,51.8625,E46,S
36,1,3,"Palsson, Master. Gosta Leonard",male,2.0,3,1,349909,21.075,,S
37,0,2,"Johnson, Mrs. Oscar W (Elisabeth Vilhelmina Berg)",female,27.0,0,2,347742,11.1333,,
38,1,2,"Nasser, Mrs. Nicholas (Adele Achem)",female,14.0,1,0,237736,30.0708,,C
39,0,3,"Sandstrom, Miss. Marguerite Rut",female,4.0,1,1,349909,16.7,G6,S
40,1,1,"Bonnell, Miss. Elizabeth",female,58.0,0,0,113781,26.55,C103,S
41,0,3,"Saundercock, Mr. William Henry",male,20.0,0,0,A/5. 2151,8.05,,S
42,1,2,"Andersson, Mr. Anders Johan",male,39.0,4,2,347082,31.275,,S
43,0,3,"Braund, Mr. Owen Harris",male,22.0,1,0,A/5 21171,7.25,,S
44,1,1,"Cumings, Mrs. John Bradley (Florence Briggs Thayer)",female,38.0,1,0,PC 17599,71.2833,C85,C
45,1,3,"Heikkinen, Miss. Laina",female,26.0,0,0,STON/O2. 3101282,7.925,,S
46,0,1,"Futrelle, Mrs. Jacques Heath (Lily May Peel)",female,35.0,1,0,113803,53.1,C123,S
47,0,3,"Allen, Mr. William Henry",male,35.0,0,0,373450,8.05,,S
48,1,3,"Moran, Mr. James",male,,0,0,330877,8.4583,,Q
49,0,1,"McCarthy, Mr. Timothy J",male,54.0,0,0,17463,51.8625,E46,S
50,1,3,"Palsson, Master. Gosta Leonard",male,2.0,3,1,349909,21.075,,S
51,0,2,"Johnson, Mrs. Oscar W (Elisabeth Vilhelmina Berg)",female,27.0,0,2,347742,11.1333,,
52,1,2,"Nasser, Mrs. Nicholas (Adele Achem)",female,14.0,1,0,237736,30.0708,,C
53,0,3,"Sandstrom, Miss. Marguerite Rut",female,4.0,1,1,349909,16.7,G6,S
54,1,1,"Bonnell, Miss. Elizabeth",female,58.0,0,0,113781,26.55,C103,S
55,0,3,"Saundercock, Mr. William Henry",male,20.0,0,0,A/5. 2151,8.05,,S
56,1,2,"Andersson, Mr. Anders Johan",male,39.0,4,2,347082,31.275,,S
57,0,3,"Braund, Mr. Owen Harris",male,22.0,1,0,A/5 21171,7.25,,S
58,1,1,"Cumings, Mrs. John Bradley (Florence Briggs Thayer)",female,38.0,1,0,PC 17599,71.2833,C85,C
59,1,3,"Heikkinen, Miss. Laina",female,26.0,0,0,STON/O2. 3101282,7.925,,S
60,0,1,"Futrelle, Mrs. Jacques Heath (Lily May Peel)",female,35.0,1,0,113803,53.1,C123,S
61,0,3,"Allen, Mr. William Henry",male,35.0,0,0,373450,8.05,,S
62,1,3,"Moran, Mr. James",male,,0,0,330877,8.4583,,Q
63,0,1,"McCarthy, Mr. Timothy J",male,54.0,0,0,17463,51.8625,E46,S
64,1,3,"Palsson, Master. Gosta Leonard",male,2.0,3,1,349909,21.075,,S
65,0,2,"Johnson, Mrs. Oscar W (Elisabeth Vilhelmina Berg)",female,27.0,0,2,347742,11.1333,,
66,1,2,"Nasser, Mrs. Nicholas (Adele Achem)",female,14.0,1,0,237736,30.0708,,C
67,0,3,"Sandstrom, Miss. Marguerite Rut",female,4.0,1,1,349909,16.7,G6,S
68,1,1,"Bonnell, Miss. Elizabeth",female,58.0,0,0,113781,26.55,C103,S
69,0,3,"Saundercock, Mr. William Henry",male,20.0,0,0,A/5. 2151,8.05,,S
70,1,2,"Andersson, Mr. Anders Johan",male,39.0,4,2,347082,31.275,,S
71,0,3,"Braund, Mr. Owen Harris",male,22.0,1,0,A/5 21171,7.25,,S
72,1,1,"Cumings, Mrs. John Bradley (Florence Briggs Thayer)",female,38.0,1,0,PC 17599,71.2833,C85,C
73,1,3,"Heikkinen, Miss. Laina",female,26.0,0,0,STON/O2. 3101282,7.925,,S
74,0,1,"Futrelle, Mrs. Jacques Heath (Lily May Peel)",female,35.0,1,0,113803,53.1,C123,S
75,0,3,"Allen, Mr. William Henry",male,35.0,0,0,373450,8.05,,S
76,1,3,"Moran, Mr. James",male,,0,0,330877,8.4583,,Q
77,0,1,"McCarthy, Mr. Timothy J",male,54.0,0,0,17463,51.8625,E46,S
78,1,3,"Palsson, Master. Gosta Leonard",male,2.0,3,1,349909,21.075,,S
79,0,2,"Johnson, Mrs. Oscar W (Elisabeth Vilhelmina Berg)",female,27.0,0,2,347742,11.1333,,
80,1,2,"Nasser, Mrs. Nicholas (Adele Achem)",female,14.0,1,0,237736,30.0708,,C
81,0,3,"Sandstrom, Miss. Marguerite Rut",female,4.0,1,1,349909,16.7,G6,S
82,1,1,"Bonnell, Miss. Elizabeth",female,58.0,0,0,113781,26.55,C103,S
83,0,3,"Saundercock, Mr. William Henry",male,20.0,0,0,A/5. 2151,8.05,,S
84,1,2,"Andersson, Mr. Anders Johan",male,39.0,4,2,347082,31.275,,S
85,0,3,"Braund, Mr. Owen Harris",male,22.0,1,0,A/5 21171,7.25,,S
86,1,1,"Cumings, Mrs. John Bradley (Florence Briggs Thayer)",female,38.0,1,0,PC 17599,71.2833,C85,C
87,1,3,"Heikkinen, Miss. Laina",female,26.0,0,0,STON/O2. 3101282,7.925,,S
88,0,1,"Futrelle, Mrs. Jacques Heath (Lily May Peel)",female,35.0,1,0,113803,53.1,C123,S
89,0,3,"Allen, Mr. William Henry",male,35.0,0,0,373450,8.05,,S
90,1,3,"Moran, Mr. James",male,,0,0,330877,8.4583,,Q
91,0,1,"McCarthy, Mr. Timothy J",male,54.0,0,0,17463,51.8625,E46,S
92,1,3,"Palsson, Master. Gosta Leonard",male,2.0,3,1,349909,21.075,,S
93,0,2,"Johnson, Mrs. Oscar W (Elisabeth Vilhelmina Berg)",female,27.0,0,2,347742,11.1333,,
94,1,2,"Nasser, Mrs. Nicholas (Adele Achem)",female,14.0,1,0,237736,30.0708,,C
95,0,3,"Sandstrom, Miss. Marguerite Rut",female,4.0,1,1,349909,16.7,G6,S
96,1,1,"Bonnell, Miss. Elizabeth",female,58.0,0,0,113781,26.55,C103,S
97,0,3,"Saundercock, Mr. William Henry",male,20.0,0,0,A/5. 2151,8.05,,S
98,1,2,"Andersson, Mr. Anders Johan",male,39.0,4,2,347082,31.275,,S
99,0,3,"Braund, Mr. Owen Harris",male,22.0,1,0,A/5 21171,7.25,,S
100,1,1,"Cumings, Mrs. John Bradley (Florence Briggs Thayer)",female,38.0,1,0,PC 17599,71.2833,C85,C
101,1,3,"Heikkinen, Miss. Laina",female,26.0,0,0,STON/O2. 3101282,7.925,,S
102,0,1,"Futrelle, Mrs. Jacques Heath (Lily May Peel)",female,35.0,1,0,113803,53.1,C123,S
103,0,3,"Allen, Mr. William Henry",male,35.0,0,0,373450,8.05,,S
104,1,3,"Moran, Mr. James",male,,0,0,330877,8.4583,,Q
105,0,1,"McCarthy, Mr. Timothy J",male,54.0,0,0,17463,51.8625,E46,S
106,1,3,"Palsson, Master. Gosta Leonard",male,2.0,3,1,349909,21.075,,S
107,0,2,"Johnson, Mrs. Oscar W (Elisabeth Vilhelmina Berg)",female,27.0,0,2,347742,11.1333,,
108,1,2,"Nasser, Mrs. Nicholas (Adele Achem)",female,14.0,1,0,237736,30.0708,,C
109,0,3,"Sandstrom, Miss. Marguerite Rut",female,4.0,1,1,349909,16.7,G6,S
110,1,1,"Bonnell, Miss. Elizabeth",female,58.0,0,0,113781,26.55,C103,S
111,0,3,"Saundercock, Mr. William Henry",male,20.0,0,0,A/5. 2151,8.05,,S
112,1,2,"Andersson, Mr. Anders Johan",male,39.0,4,2,347082,31.275,,S
113,0,3,"Braund, Mr. Owen Harris",male,22.0,1,0,A/5 21171,7.25,,S
114,1,1,"Cumings, Mrs. John Bradley (Florence Briggs Thayer)",female,38.0,1,0,PC 17599,71.2833,C85,C
115,1,3,"Heikkinen, Miss. Laina",female,26.0,0,0,STON/O2. 3101282,7.925,,S
116,0,1,"Futrelle, Mrs. Jacques Heath (Lily May Peel)",female,35.0,1,0,113803,53.1,C123,S
117,0,3,"Allen, Mr. William Henry",male,35.0,0,0,373450,8.05,,S
118,1,3,"Moran, Mr. James",male,,0,0,330877,8.4583,,Q
119,0,1,"McCarthy, Mr. Timothy J",male,54.0,0,0,17463,51.8625,E46,S
120,1,3,"Palsson, Master. Gosta Leonard",male,2.0,3,1,349909,21.075,,S
121,0,2,"Johnson, Mrs. Oscar W (Elisabeth Vilhelmina Berg)",female,27.0,0,2,347742,11.1333,,
122,1,2,"Nasser, Mrs. Nicholas (Adele Achem)",female,14.0,1,0,237736,30.0708,,C
123,0,3,"Sandstrom, Miss. Marguerite Rut",female,4.0,1,1,349909,16.7,G6,S
124,1,1,"Bonnell, Miss. Elizabeth",female,58.0,0,0,113781,26.55,C103,S
125,0,3,"Saundercock, Mr. William Henry",male,20.0,0,0,A/5. 2151,8.05,,S
126,1,2,"Andersson, Mr. Anders Johan",male,39.0,4,2,347082,31.275,,S
127,0,3,"Braund, Mr. Owen Harris",male,22.0,1,0,A/5 21171,7.25,,S
128,1,1,"Cumings, Mrs. John Bradley (Florence Briggs Thayer)",female,38.0,1,0,PC 17599,71.2833,C85,C
129,1,3,"Heikkinen, Miss. Laina",female,26.0,0,0,STON/O2. 3101282,7.925,,S
130,0,1,"Futrelle, Mrs. Jacques Heath (Lily May Peel)",female,35.0,1,0,113803,53.1,C123,S
131,0,3,"Allen, Mr. William Henry",male,35.0,0,0,373450,8.05,,S
132,1,3,"Moran, Mr. James",male,,0,0,330877,8.4583,,Q
133,0,1,"McCarthy, Mr. Timothy J",male,54.0,0,0,17463,51.8625,E46,S
134,1,3,"Palsson, Master. Gosta Leonard",male,2.0,3,1,349909,21.075,,S
135,0,2,"Johnson, Mrs. Oscar W (Elisabeth Vilhelmina Berg)",female,27.0,0,2,347742,11.1333,,
136,1,2,"Nasser, Mrs. Nicholas (Adele Achem)",female,14.0,1,0,237736,30.0708,,C
137,0,3,"Sandstrom, Miss. Marguerite Rut",female,4.0,1,1,349909,16.7,G6,S
138,1,1,"Bonnell, Miss. Elizabeth",female,58.0,0,0,113781,26.55,C103,S
139,0,3,"Saundercock, Mr. William Henry",male,20.0,0,0,A/5. 2151,8.05,,S
140,1,2,"Andersson, Mr. Anders Johan",male,39.0,4,2,347082,31.275,,S
141,0,3,"Braund, Mr. Owen Harris",male,22.0,1,0,A/5 21171,7.25,,S
142,1,1,"Cumings, Mrs. John Bradley (Florence Briggs Thayer)",female,38.0,1,0,PC 17599,71.2833,C85,C
143,1,3,"Heikkinen, Miss. Laina",female,26.0,0,0,STON/O2. 3101282,7.925,,S
144,0,1,"Futrelle, Mrs. Jacques Heath (Lily May Peel)",female,35.0,1,0,113803,53.1,C123,S
145,0,3,"Allen, Mr. William Henry",male,35.0,0,0,373450,8.05,,S
146,1,3,"Moran, Mr. James",male,,0,0,330877,8.4583,,Q
147,0,1,"McCarthy, Mr. Timothy J",male,54.0,0,0,17463,51.8625,E46,S
148,1,3,"Palsson, Master. Gosta Leonard",male,2.0,3,1,349909,21.075,,S
149,0,2,"Johnson, Mrs. Oscar W (Elisabeth Vilhelmina Berg)",female,27.0,0,2,347742,11.1333,,
150,1,2,"Nasser, Mrs. Nicholas (Adele Achem)",female,14.0,1,0,237736,30.0708,,C
151,0,3,"Sandstrom, Miss. Marguerite Rut",female,4.0,1,1,349909,16.7,G6,S
152,1,1,"Bonnell, Miss. Elizabeth",female,58.0,0,0,113781,26.55,C103,S
153,0,3,"Saundercock, Mr. William Henry",male,20.0,0,0,A/5. 2151,8.05,,S
154,1,2,"Andersson, Mr. Anders Johan",male,39.0,4,2,347082,31.275,,S
155,0,3,"Braund, Mr. Owen Harris",male,22.0,1,0,A/5 21171,7.25,,S
156,1,1,"Cumings, Mrs. John Bradley (Florence Briggs Thayer)",female,38.0,1,0,PC 17599,71.2833,C85,C
157,1,3,"Heikkinen, Miss. Laina",female,26.0,0,0,STON/O2. 3101282,7.925,,S
158,0,1,"Futrelle, Mrs. Jacques Heath (Lily May Peel)",female,35.0,1,0,113803,53.1,C123,S
159,0,3,"Allen, Mr. William Henry",male,35.0,0,0,373450,8.05,,S
160,1,3,"Moran, Mr. James",male,,0,0,330877,8.4583,,Q
161,0,1,"McCarthy, Mr. Timothy J",male,54.0,0,0,17463,51.8625,E46,S
162,1,3,"Palsson, Master. Gosta Leonard",male,2.0,3,1,349909,21.075,,S
163,0,2,"Johnson, Mrs. Oscar W (Elisabeth Vilhelmina Berg)",female,27.0,0,2,347742,11.1333,,
164,1,2,"Nasser, Mrs. Nicholas (Adele Achem)",female,14.0,1,0,237736,30.0708,,C
165,0,3,"Sandstrom, Miss. Marguerite Rut",female,4.0,1,1,349909,16.7,G6,S
166,1,1,"Bonnell, Miss. Elizabeth",female,58.0,0,0,113781,26.55,C103,S
167,0,3,"Saundercock, Mr. William Henry",male,20.0,0,0,A/5. 2151,8.05,,S
168,1,2,"Andersson, Mr. Anders Johan",male,39.0,4,2,347082,31.275,,S
169,0,3,"Braund, Mr. Owen Harris",male,22.0,1,0,A/5 21171,7.25,,S
170,1,1,"Cumings, Mrs. John Bradley (Florence Briggs Thayer)",female,38.0,1,0,PC 17599,71.2833,C85,C
171,1,3,"Heikkinen, Miss. Laina",female,26.0,0,0,STON/O2. 3101282,7.925,,S
172,0,1,"Futrelle, Mrs. Jacques Heath (Lily May Peel)",female,35.0,1,0,113803,53.1,C123,S
173,0,3,"Allen, Mr. William Henry",male,35.0,0,0,373450,8.05,,S
174,1,3,"Moran, Mr. James",male,,0,0,330877,8.4583,,Q
175,0,1,"McCarthy, Mr. Timothy J",male,54.0,0,0,17463,51.8625,E46,S
176,1,3,"Palsson, Master. Gosta Leonard",male,2.0,3,1,349909,21.075,,S
177,0,2,"Johnson, Mrs. Oscar W (Elisabeth Vilhelmina Berg)",female,27.0,0,2,347742,11.1333,,
178,1,2,"Nasser, Mrs. Nicholas (Adele Achem)",female,14.0,1,0,237736,30.0708,,C
179,0,3,"Sandstrom, Miss. Marguerite Rut",female,4.0,1,1,349909,16.7,G6,S
180,1,1,"Bonnell, Miss. Elizabeth",female,58.0,0,0,113781,26.55,C103,S
181,0,3,"Saundercock, Mr. William Henry",male,20.0,0,0,A/5. 2151,8.05,,S
182,1,2,"Andersson, Mr. Anders Johan",male,39.0,4,2,347082,31.275,,S
183,0,3,"Braund, Mr. Owen Harris",male,22.0,1,0,A/5 21171,7.25,,S
184,1,1,"Cumings, Mrs. John Bradley (Florence Briggs Thayer)",female,38.0,1,0,PC 17599,71.2833,C85,C
185,1,3,"Heikkinen, Miss. Laina",female,26.0,0,0,STON/O2. 3101282,7.925,,S
186,0,1,"Futrelle, Mrs. Jacques Heath (Lily May Peel)",female,35.0,1,0,113803,53.1,C123,S
187,0,3,"Allen, Mr. William Henry",male,35.0,0,0,373450,8.05,,S
188,1,3,"Moran, Mr. James",male,,0,0,330877,8.4583,,Q
189,0,1,"McCarthy, Mr. Timothy J",male,54.0,0,0,17463,51.8625,E46,S
190,1,3,"Palsson, Master. Gosta Leonard",male,2.0,3,1,349909,21.075,,S
191,0,2,"Johnson, Mrs. Oscar W (Elisabeth Vilhelmina Berg)",female,27.0,0,2,347742,11.1333,,
192,1,2,"Nasser, Mrs. Nicholas (Adele Achem)",female,14.0,1,0,237736,30.0708,,C
193,0,3,"Sandstrom, Miss. Marguerite Rut",female,4.0,1,1,349909,16.7,G6,S
194,1,1,"Bonnell, Miss. Elizabeth",female,58.0,0,0,113781,26.55,C103,S
195,0,3,"Saundercock, Mr. William Henry",male,20.0,0,0,A/5. 2151,8.05,,S
196,1,2,"Andersson, Mr. Anders Johan",male,39.0,4,2,347082,31.275,,S
197,0,3,"Braund, Mr. Owen Harris",male,22.0,1,0,A/5 21171,7.25,,S
198,1,1,"Cumings, Mrs. John Bradley (Florence Briggs Thayer)",female,38.0,1,0,PC 17599,71.2833,C85,C
199,1,3,"Heikkinen, Miss. Laina",female,26.0,0,0,STON/O2. 3101282,7.925,,S
200,0,1,"Futrelle, Mrs. Jacques Heath (Lily May Peel)",female,35.0,1,0,113803,53.1,C123,S
201,0,3,"Allen, Mr. William Henry",male,35.0,0,0,373450,8.05,,S
202,1,3,"Moran, Mr. James",male,,0,0,330877,8.4583,,Q
203,0,1,"McCarthy, Mr. Timothy J",male,54.0,0,0,17463,51.8625,E46,S
204,1,3,"Palsson, Master. Gosta Leonard",male,2.0,3,1,349909,21.075,,S
205,0,2,"Johnson, Mrs. Oscar W (Elisabeth Vilhelmina Berg)",female,27.0,0,2,347742,11.1333,,
206,1,2,"Nasser, Mrs. Nicholas (Adele Achem)",female,14.0,1,0,237736,30.0708,,C
207,0,3,"Sandstrom, Miss. Marguerite Rut",female,4.0,1,1,349909,16.7,G6,S
208,1,1,"Bonnell, Miss. Elizabeth",female,58.0,0,0,113781,26.55,C103,S
209,0,3,"Saundercock, Mr. William Henry",male,20.0,0,0,A/5. 2151,8.05,,S
210,1,2,"Andersson, Mr. Anders Johan",male,39.0,4,2,347082,31.275,,S
211,0,3,"Braund, Mr. Owen Harris",male,22.0,1,0,A/5 21171,7.25,,S
212,1,1,"Cumings, Mrs. John Bradley (Florence Briggs Thayer)",female,38.0,1,0,PC 17599,71.2833,C85,C
213,1,3,"Heikkinen, Miss. Laina",female,26.0,0,0,STON/O2. 3101282,7.925,,S
214,0,1,"Futrelle, Mrs. Jacques Heath (Lily May Peel)",female,35.0,1,0,113803,53.1,C123,S
215,0,3,"Allen, Mr. William Henry",male,35.0,0,0,373450,8.05,,S
216,1,3,"Moran, Mr. James",male,,0,0,330877,8.4583,,Q
217,0,1,"McCarthy, Mr. Timothy J",male,54.0,0,0,17463,51.8625,E46,S
218,1,3,"Palsson, Master. Gosta Leonard",male,2.0,3,1,349909,21.075,,S
219,0,2,"Johnson, Mrs. Oscar W (Elisabeth Vilhelmina Berg)",female,27.0,0,2,347742,11.1333,,
220,1,2,"Nasser, Mrs. Nicholas (Adele Achem)",female,14.0,1,0,237736,30.0708,,C
221,0,3,"Sandstrom, Miss. Marguerite Rut",female,4.0,1,1,349909,16.7,G6,S
222,1,1,"Bonnell, Miss. Elizabeth",female,58.0,0,0,113781,26.55,C103,S
223,0,3,"Saundercock, Mr. William Henry",male,20.0,0,0,A/5. 2151,8.05,,S
224,1,2,"Andersson, Mr. Anders Johan",male,39.0,4,2,347082,31.275,,S
225,0,3,"Braund, Mr. Owen Harris",male,22.0,1,0,A/5 21171,7.25,,S
226,1,1,"Cumings, Mrs. John Bradley (Florence Briggs Thayer)",female,38.0,1,0,PC 17599,71.2833,C85,C
227,1,3,"Heikkinen, Miss. Laina",female,26.0,0,0,STON/O2. 3101282,7.925,,S
228,0,1,"Futrelle, Mrs. Jacques Heath (Lily May Peel)",female,35.0,1,0,113803,53.1,C123,S
229,0,3,"Allen, Mr. William Henry",male,35.0,0,0,373450,8.05,,S
230,1,3,"Moran, Mr. James",male,,0,0,330877,8.4583,,Q
231,0,1,"McCarthy, Mr. Timothy J",male,54.0,0,0,17463,51.8625,E46,S
232,1,3,"Palsson, Master. Gosta Leonard",male,2.0,3,1,349909,21.075,,S
233,0,2,"Johnson, Mrs. Oscar W (Elisabeth Vilhelmina Berg)",female,27.0,0,2,347742,11.1333,,
234,1,2,"Nasser, Mrs. Nicholas (Adele Achem)",female,14.0,1,0,237736,30.0708,,C
235,0,3,"Sandstrom, Miss. Marguerite Rut",female,4.0,1,1,349909,16.7,G6,S
236,1,1,"Bonnell, Miss. Elizabeth",female,58.0,0,0,113781,26.55,C103,S
237,0,3,"Saundercock, Mr. William Henry",male,20.0,0,0,A/5. 2151,8.05,,S
238,1,2,"Andersson, Mr. Anders Johan",male,39.0,4,2,347082,31.275,,S
239,0,3,"Braund, Mr. Owen Harris",male,22.0,1,0,A/5 21171,7.25,,S
240,1,1,"Cumings, Mrs. John Bradley (Florence Briggs Thayer)",female,38.0,1,0,PC 17599,71.2833,C85,C
241,1,3,"Heikkinen, Miss. Laina",female,26.0,0,0,STON/O2. 3101282,7.925,,S
242,0,1,"Futrelle, Mrs. Jacques Heath (Lily May Peel)",female,35.0,1,0,113803,53.1,C123,S
243,0,3,"Allen, Mr. William Henry",male,35.0,0,0,373450,8.05,,S
244,1,3,"Moran, Mr. James",male,,0,0,330877,8.4583,,Q
245,0,1,"McCarthy, Mr. Timothy J",male,54.0,0,0,17463,51.8625,E46,S
246,1,3,"Palsson, Master. Gosta Leonard",male,2.0,3,1,349909,21.075,,S
247,0,2,"Johnson, Mrs. Oscar W (Elisabeth Vilhelmina Berg)",female,27.0,0,2,347742,11.1333,,
248,1,2,"Nasser, Mrs. Nicholas (Adele Achem)",female,14.0,1,0,237736,30.0708,,C
249,0,3,"Sandstrom, Miss. Marguerite Rut",female,4.0,1,1,349909,16.7,G6,S
250,1,1,"Bonnell, Miss. Elizabeth",female,58.0,0,0,113781,26.55,C103,S
251,0,3,"Saundercock, Mr. William Henry",male,20.0,0,0,A/5. 2151,8.05,,S
252,1,2,"Andersson, Mr. Anders Johan",male,39.0,4,2,347082,31.275,,S
253,0,3,"Braund, Mr. Owen Harris",male,22.0,1,0,A/5 21171,7.25,,S
254,1,1,"Cumings, Mrs. John Bradley (Florence Briggs Thayer)",female,38.0,1,0,PC 17599,71.2833,C85,C
255,1,3,"Heikkinen, Miss. Laina",female,26.0,0,0,STON/O2. 3101282,7.925,,S
256,0,1,"Futrelle, Mrs. Jacques Heath (Lily May Peel)",female,35.0,1,0,113803,53.1,C123,S
257,0,3,"Allen, Mr. William Henry",male,35.0,0,0,373450,8.05,,S
258,1,3,"Moran, Mr. James",male,,0,0,330877,8.4583,,Q
259,0,1,"McCarthy, Mr. Timothy J",male,54.0,0,0,17463,51.8625,E46,S
260,1,3,"Palsson, Master. Gosta Leonard",male,2.0,3,1,349909,21.075,,S
261,0,2,"Johnson, Mrs. Oscar W (Elisabeth Vilhelmina Berg)",female,27.0,0,2,347742,11.1333,,
262,1,2,"Nasser, Mrs. Nicholas (Adele Achem)",female,14.0,1,0,237736,30.0708,,C
263,0,3,"Sandstrom, Miss. Marguerite Rut",female,4.0,1,1,349909,16.7,G6,S
264,1,1,"Bonnell, Miss. Elizabeth",female,58.0,0,0,113781,26.55,C103,S
265,0,3,"Saundercock, Mr. William Henry",male,20.0,0,0,A/5. 2151,8.05,,S
266,1,2,"Andersson, Mr. Anders Johan",male,39.0,4,2,347082,31.275,,S
267,0,3,"Braund, Mr. Owen Harris",male,22.0,1,0,A/5 21171,7.25,,S
268,1,1,"Cumings, Mrs. John Bradley (Florence Briggs Thayer)",female,38.0,1,0,PC 17599,71.2833,C85,C
269,1,3,"Heikkinen, Miss. Laina",female,26.0,0,0,STON/O2. 3101282,7.925,,S
270,0,1,"Futrelle, Mrs. Jacques Heath (Lily May Peel)",female,35.0,1,0,113803,53.1,C123,S
271,0,3,"Allen, Mr. William Henry",male,35.0,0,0,373450,8.05,,S
272,1,3,"Moran, Mr. James",male,,0,0,330877,8.4583,,Q
273,0,1,"McCarthy, Mr. Timothy J",male,54.0,0,0,17463,51.8625,E46,S
274,1,3,"Palsson, Master. Gosta Leonard",male,2.0,3,1,349909,21.075,,S
275,0,2,"Johnson, Mrs. Oscar W (Elisabeth Vilhelmina Berg)",female,27.0,0,2,347742,11.1333,,
276,1,2,"Nasser, Mrs. Nicholas (Adele Achem)",female,14.0,1,0,237736,30.0708,,C
277,0,3,"Sandstrom, Miss. Marguerite Rut",female,4.0,1,1,349909,16.7,G6,S
278,1,1,"Bonnell, Miss. Elizabeth",female,58.0,0,0,113781,26.55,C103,S
279,0,3,"Saundercock, Mr. William Henry",male,20.0,0,0,A/5. 2151,8.05,,S
280,1,2,"Andersson, Mr. Anders Johan",male,39.0,4,2,347082,31.275,,S
281,0,3,"Braund, Mr. Owen Harris",male,22.0,1,0,A/5 21171,7.25,,S
282,1,1,"Cumings, Mrs. John Bradley (Florence Briggs Thayer)",female,38.0,1,0,PC 17599,71.2833,C85,C
283,1,3,"Heikkinen, Miss. Laina",female,26.0,0,0,STON/O2. 3101282,7.925,,S
284,0,1,"Futrelle, Mrs. Jacques Heath (Lily May Peel)",female,35.0,1,0,113803,53.1,C123,S
285,0,3,"Allen, Mr. William Henry",male,35.0,0,0,373450,8.05,,S
286,1,3,"Moran, Mr. James",male,,0,0,330877,8.4583,,Q
287,0,1,"McCarthy, Mr. Timothy J",male,54.0,0,0,17463,51.8625,E46,S
288,1,3,"Palsson, Master. Gosta Leonard",male,2.0,3,1,349909,21.075,,S
289,0,2,"Johnson, Mrs. Oscar W (Elisabeth Vilhelmina Berg)",female,27.0,0,2,347742,11.1333,,
290,1,2,"Nasser, Mrs. Nicholas (Adele Achem)",female,14.0,1,0,237736,30.0708,,C
291,0,3,"Sandstrom, Miss. Marguerite Rut",female,4.0,1,1,349909,16.7,G6,S
292,1,1,"Bonnell, Miss. Elizabeth",female,58.0,0,0,113781,26.55,C103,S
293,0,3,"Saundercock, Mr. William Henry",male,20.0,0,0,A/5. 2151,8.05,,S
294,1,2,"Andersson, Mr. Anders Johan",male,39.0,4,2,347082,31.275,,S
295,0,3,"Braund, Mr. Owen Harris",male,22.0,1,0,A/5 21171,7.25,,S
296,1,1,"Cumings, Mrs. John Bradley (Florence Briggs Thayer)",female,38.0,1,0,PC 17599,71.2833,C85,C
297,1,3,"Heikkinen, Miss. Laina",female,26.0,0,0,STON/O2. 3101282,7.925,,S
298,0,1,"Futrelle, Mrs. Jacques Heath (Lily May Peel)",female,35.0,1,0,113803,53.1,C123,S
299,0,3,"Allen, Mr. William Henry",male,35.0,0,0,373450,8.05,,S
300,1,3,"Moran, Mr. James",male,,0,0,330877,8.4583,,Q
301,0,1,"McCarthy, Mr. Timothy J",male,54.0,0,0,17463,51.8625,E46,S
302,1,3,"Palsson, Master. Gosta Leonard",male,2.0,3,1,349909,21.075,,S
303,0,2,"Johnson, Mrs. Oscar W (Elisabeth Vilhelmina Berg)",female,27.0,0,2,347742,11.1333,,
304,1,2,"Nasser, Mrs. Nicholas (Adele Achem)",female,14.0,1,0,237736,30.0708,,C
305,0,3,"Sandstrom, Miss. Marguerite Rut",female,4.0,1,1,349909,16.7,G6,S
306,1,1,"Bonnell, Miss. Elizabeth",female,58.0,0,0,113781,26.55,C103,S
307,0,3,"Saundercock, Mr. William Henry",male,20.0,0,0,A/5. 2151,8.05,,S
308,1,2,"Andersson, Mr. Anders Johan",male,39.0,4,2,347082,31.275,,S
309,0,3,"Braund, Mr. Owen Harris",male,22.0,1,0,A/5 21171,7.25,,S
310,1,1,"Cumings, Mrs. John Bradley (Florence Briggs Thayer)",female,38.0,1,0,PC 17599,71.2833,C85,C
311,1,3,"Heikkinen, Miss. Laina",female,26.0,0,0,STON/O2. 3101282,7.925,,S
312,0,1,"Futrelle, Mrs. Jacques Heath (Lily May Peel)",female,35.0,1,0,113803,53.1,C123,S
313,0,3,"Allen, Mr. William Henry",male,35.0,0,0,373450,8.05,,S
314,1,3,"Moran, Mr. James",male,,0,0,330877,8.4583,,Q
315,0,1,"McCarthy, Mr. Timothy J",male,54.0,0,0,17463,51.8625,E46,S
316,1,3,"Palsson, Master. Gosta Leonard",male,2.0,3,1,349909,21.075,,S
317,0,2,"Johnson, Mrs. Oscar W (Elisabeth Vilhelmina Berg)",female,27.0,0,2,347742,11.1333,,
318,1,2,"Nasser, Mrs. Nicholas (Adele Achem)",female,14.0,1,0,237736,30.0708,,C
319,0,3,"Sandstrom, Miss. Marguerite Rut",female,4.0,1,1,349909,16.7,G6,S
320,1,1,"Bonnell, Miss. Elizabeth",female,58.0,0,0,113781,26.55,C103,S
321,0,3,"Saundercock, Mr. William Henry",male,20.0,0,0,A/5. 2151,8.05,,S
322,1,2,"Andersson, Mr. Anders Johan",male,39.0,4,2,347082,31.275,,S
323,0,3,"Braund, Mr. Owen Harris",male,22.0,1,0,A/5 21171,7.25,,S
324,1,1,"Cumings, Mrs. John Bradley (Florence Briggs Thayer)",female,38.0,1,0,PC 17599,71.2833,C85,C
325,1,3,"Heikkinen, Miss. Laina",female,26.0,0,0,STON/O2. 3101282,7.925,,S
326,0,1,"Futrelle, Mrs. Jacques Heath (Lily May Peel)",female,35.0,1,0,113803,53.1,C123,S
327,0,3,"Allen, Mr. William Henry",male,35.0,0,0,373450,8.05,,S
328,1,3,"Moran, Mr. James",male,,0,0,330877,8.4583,,Q
329,0,1,"McCarthy, Mr. Timothy J",male,54.0,0,0,17463,51.8625,E46,S
330,1,3,"Palsson, Master. Gosta Leonard",male,2.0,3,1,349909,21.075,,S
331,0,2,"Johnson, Mrs. Oscar W (Elisabeth Vilhelmina Berg)",female,27.0,0,2,347742,11.1333,,
332,1,2,"Nasser, Mrs. Nicholas (Adele Achem)",female,14.0,1,0,237736,30.0708,,C
333,0,3,"Sandstrom, Miss. Marguerite Rut",female,4.0,1,1,349909,16.7,G6,S
334,1,1,"Bonnell, Miss. Elizabeth",female,58.0,0,0,113781,26.55,C103,S
335,0,3,"Saundercock, Mr. William Henry",male,20.0,0,0,A/5. 2151,8.05,,S
336,1,2,"Andersson, Mr. Anders Johan",male,39.0,4,2,347082,31.275,,S
337,0,3,"Braund, Mr. Owen Harris",male,22.0,1,0,A/5 21171,7.25,,S
338,1,1,"Cumings, Mrs. John Bradley (Florence Briggs Thayer)",female,38.0,1,0,PC 17599,71.2833,C85,C
339,1,3,"Heikkinen, Miss. Laina",female,26.0,0,0,STON/O2. 3101282,7.925,,S
340,0,1,"Futrelle, Mrs. Jacques Heath (Lily May Peel)",female,35.0,1,0,113803,53.1,C123,S
341,0,3,"Allen, Mr. William Henry",male,35.0,0,0,373450,8.05,,S
342,1,3,"Moran, Mr. James",male,,0,0,330877,8.4583,,Q
343,0,1,"McCarthy, Mr. Timothy J",male,54.0,0,0,17463,51.8625,E46,S
344,1,3,"Palsson, Master. Gosta Leonard",male,2.0,3,1,349909,21.075,,S
345,0,2,"Johnson, Mrs. Oscar W (Elisabeth Vilhelmina Berg)",female,27.0,0,2,347742,11.1333,,
346,1,2,"Nasser, Mrs. Nicholas (Adele Achem)",female,14.0,1,0,237736,30.0708,,C
347,0,3,"Sandstrom, Miss. Marguerite Rut",female,4.0,1,1,349909,16.7,G6,S
348,1,1,"Bonnell, Miss. Elizabeth",female,58.0,0,0,113781,26.55,C103,S
349,0,3,"Saundercock, Mr. William Henry",male,20.0,0,0,A/5. 2151,8.05,,S
350,1,2,"Andersson, Mr. Anders Johan",male,39.0,4,2,347082,31.275,,S
351,0,3,"Braund, Mr. Owen Harris",male,22.0,1,0,A/5 21171,7.25,,S
352,1,1,"Cumings, Mrs. John Bradley (Florence Briggs Thayer)",female,38.0,1,0,PC 17599,71.2833,C85,C
353,1,3,"Heikkinen, Miss. Laina",female,26.0,0,0,STON/O2. 3101282,7.925,,S
354,0,1,"Futrelle, Mrs. Jacques Heath (Lily May Peel)",female,35.0,1,0,113803,53.1,C123,S
355,0,3,"Allen, Mr. William Henry",male,35.0,0,0,373450,8.05,,S
356,1,3,"Moran, Mr. James",male,,0,0,330877,8.4583,,Q
357,0,1,"McCarthy, Mr. Timothy J",male,54.0,0,0,17463,51.8625,E46,S
358,1,3,"Palsson, Master. Gosta Leonard",male,2.0,3,1,349909,21.075,,S
359,0,2,"Johnson, Mrs. Oscar W (Elisabeth Vilhelmina Berg)",female,27.0,0,2,347742,11.1333,,
360,1,2,"Nasser, Mrs. Nicholas (Adele Achem)",female,14.0,1,0,237736,30.0708,,C
361,0,3,"Sandstrom, Miss. Marguerite Rut",female,4.0,1,1,349909,16.7,G6,S
362,1,1,"Bonnell, Miss. Elizabeth",female,58.0,0,0,113781,26.55,C103,S
363,0,3,"Saundercock, Mr. William Henry",male,20.0,0,0,A/5. 2151,8.05,,S
364,1,2,"Andersson, Mr. Anders Johan",male,39.0,4,2,347082,31.275,,S
365,0,3,"Braund, Mr. Owen Harris",male,22.0,1,0,A/5 21171,7.25,,S
366,1,1,"Cumings, Mrs. John Bradley (Florence Briggs Thayer)",female,38.0,1,0,PC 17599,71.2833,C85,C
367,1,3,"Heikkinen, Miss. Laina",female,26.0,0,0,STON/O2. 3101282,7.925,,S
368,0,1,"Futrelle, Mrs. Jacques Heath (Lily May Peel)",female,35.0,1,0,113803,53.1,C123,S
369,0,3,"Allen, Mr. William Henry",male,35.0,0,0,373450,8.05,,S
370,1,3,"Moran, Mr. James",male,,0,0,330877,8.4583,,Q
371,0,1,"McCarthy, Mr. Timothy J",male,54.0,0,0,17463,51.8625,E46,S
372,1,3,"Palsson, Master. Gosta Leonard",male,2.0,3,1,349909,21.075,,S
373,0,2,"Johnson, Mrs. Oscar W (Elisabeth Vilhelmina Berg)",female,27.0,0,2,347742,11.1333,,
374,1,2,"Nasser, Mrs. Nicholas (Adele Achem)",female,14.0,1,0,237736,30.0708,,C
375,0,3,"Sandstrom, Miss. Marguerite Rut",female,4.0,1,1,349909,16.7,G6,S
376,1,1,"Bonnell, Miss. Elizabeth",female,58.0,0,0,113781,26.55,C103,S
377,0,3,"Saundercock, Mr. William Henry",male,20.0,0,0,A/5. 2151,8.05,,S
378,1,2,"Andersson, Mr. Anders Johan",male,39.0,4,2,347082,31.275,,S
379,0,3,"Braund, Mr. Owen Harris",male,22.0,1,0,A/5 21171,7.25,,S
380,1,1,"Cumings, Mrs. John Bradley (Florence Briggs Thayer)",female,38.0,1,0,PC 17599,71.2833,C85,C
381,1,3,"Heikkinen, Miss. Laina",female,26.0,0,0,STON/O2. 3101282,7.925,,S
382,0,1,"Futrelle, Mrs. Jacques Heath (Lily May Peel)",female,35.0,1,0,113803,53.1,C123,S
383,0,3,"Allen, Mr. William Henry",male,35.0,0,0,373450,8.05,,S
384,1,3,"Moran, Mr. James",male,,0,0,330877,8.4583,,Q
385,0,1,"McCarthy, Mr. Timothy J",male,54.0,0,0,17463,51.8625,E46,S
386,1,3,"Palsson, Master. Gosta Leonard",male,2.0,3,1,349909,21.075,,S
387,0,2,"Johnson, Mrs. Oscar W (Elisabeth Vilhelmina Berg)",female,27.0,0,2,347742,11.1333,,
388,1,2,"Nasser, Mrs. Nicholas (Adele Achem)",female,14.0,1,0,237736,30.0708,,C
389,0,3,"Sandstrom, Miss. Marguerite Rut",female,4.0,1,1,349909,16.7,G6,S
390,1,1,"Bonnell, Miss. Elizabeth",female,58.0,0,0,113781,26.55,C103,S
391,0,3,"Saundercock, Mr. William Henry",male,20.0,0,0,A/5. 2151,8.05,,S
392,1,2,"Andersson, Mr. Anders Johan",male,39.0,4,2,347082,31.275,,S
393,0,3,"Braund, Mr. Owen Harris",male,22.0,1,0,A/5 21171,7.25,,S
394,1,1,"Cumings, Mrs. John Bradley (Florence Briggs Thayer)",female,38.0,1,0,PC 17599,71.2833,C85,C
395,1,3,"Heikkinen, Miss. Laina",female,26.0,0,0,STON/O2. 3101282,7.925,,S
396,0,1,"Futrelle, Mrs. Jacques Heath (Lily May Peel)",female,35.0,1,0,113803,53.1,C123,S
397,0,3,"Allen, Mr. William Henry",male,35.0,0,0,373450,8.05,,S
398,1,3,"Moran, Mr. James",male,,0,0,330877,8.4583,,Q
399,0,1,"McCarthy, Mr. Timothy J",male,54.0,0,0,17463,51.8625,E46,S
400,1,3,"Palsson, Master. Gosta Leonard",male,2.0,3,1,349909,21.075,,S
401,0,2,"Johnson, Mrs. Oscar W (Elisabeth Vilhelmina Berg)",female,27.0,0,2,347742,11.1333,,
402,1,2,"Nasser, Mrs. Nicholas (Adele Achem)",female,14.0,1,0,237736,30.0708,,C
403,0,3,"Sandstrom, Miss. Marguerite Rut",female,4.0,1,1,349909,16.7,G6,S
404,1,1,"Bonnell, Miss. Elizabeth",female,58.0,0,0,113781,26.55,C103,S
405,0,3,"Saundercock, Mr. William Henry",male,20.0,0,0,A/5. 2151,8.05,,S
406,1,2,"Andersson, Mr. Anders Johan",male,39.0,4,2,347082,31.275,,S
407,0,3,"Braund, Mr. Owen Harris",male,22.0,1,0,A/5 21171,7.25,,S
408,1,1,"Cumings, Mrs. John Bradley (Florence Briggs Thayer)",female,38.0,1,0,PC 17599,71.2833,C85,C
409,1,3,"Heikkinen, Miss. Laina",female,26.0,0,0,STON/O2. 3101282,7.925,,S
410,0,1,"Futrelle, Mrs. Jacques Heath (Lily May Peel)",female,35.0,1,0,113803,53.1,C123,S
411,0,3,"Allen, Mr. William Henry",male,35.0,0,0,373450,8.05,,S
412,1,3,"Moran, Mr. James",male,,0,0,330877,8.4583,,Q
413,0,1,"McCarthy, Mr. Timothy J",male,54.0,0,0,17463,51.8625,E46,S
414,1,3,"Palsson, Master. Gosta Leonard",male,2.0,3,1,349909,21.075,,S
415,0,2,"Johnson, Mrs. Oscar W (Elisabeth Vilhelmina Berg)",female,27.0,0,2,347742,11.1333,,
416,1,2,"Nasser, Mrs. Nicholas (Adele Achem)",female,14.0,1,0,237736,30.0708,,C
417,0,3,"Sandstrom, Miss. Marguerite Rut",female,4.0,1,1,349909,16.7,G6,S
418,1,1,"Bonnell, Miss. Elizabeth",female,58.0,0,0,113781,26.55,C103,S
419,0,3,"Saundercock, Mr. William Henry",male,20.0,0,0,A/5. 2151,8.05,,S
420,1,2,"Andersson, Mr. Anders Johan",male,39.0,4,2,347082,31.275,,S
421,0,3,"Braund, Mr. Owen Harris",male,22.0,1,0,A/5 21171,7.25,,S
422,1,1,"Cumings, Mrs. John Bradley (Florence Briggs Thayer)",female,38.0,1,0,PC 17599,71.2833,C85,C
423,1,3,"Heikkinen, Miss. Laina",female,26.0,0,0,STON/O2. 3101282,7.925,,S
424,0,1,"Futrelle, Mrs. Jacques Heath (Lily May Peel)",female,35.0,1,0,113803,53.1,C123,S
425,0,3,"Allen, Mr. William Henry",male,35.0,0,0,373450,8.05,,S
426,1,3,"Moran, Mr. James",male,,0,0,330877,8.4583,,Q
427,0,1,"McCarthy, Mr. Timothy J",male,54.0,0,0,17463,51.8625,E46,S
428,1,3,"Palsson, Master. Gosta Leonard",male,2.0,3,1,349909,21.075,,S
429,0,2,"Johnson, Mrs. Oscar W (Elisabeth Vilhelmina Berg)",female,27.0,0,2,347742,11.1333,,
430,1,2,"Nasser, Mrs. Nicholas (Adele Achem)",female,14.0,1,0,237736,30.0708,,C
431,0,3,"Sandstrom, Miss. Marguerite Rut",female,4.0,1,1,349909,16.7,G6,S
432,1,1,"Bonnell, Miss. Elizabeth",female,58.0,0,0,113781,26.55,C103,S
433,0,3,"Saundercock, Mr. William Henry",male,20.0,0,0,A/5. 2151,8.05,,S
434,1,2,"Andersson, Mr. Anders Johan",male,39.0,4,2,347082,31.275,,S
435,0,3,"Braund, Mr. Owen Harris",male,22.0,1,0,A/5 21171,7.25,,S
436,1,1,"Cumings, Mrs. John Bradley (Florence Briggs Thayer)",female,38.0,1,0,PC 17599,71.2833,C85,C
437,1,3,"Heikkinen, Miss. Laina",female,26.0,0,0,STON/O2. 3101282,7.925,,S
438,0,1,"Futrelle, Mrs. Jacques Heath (Lily May Peel)",female,35.0,1,0,113803,53.1,C123,S
439,0,3,"Allen, Mr. William Henry",male,35.0,0,0,373450,8.05,,S
440,1,3,"Moran, Mr. James",male,,0,0,330877,8.4583,,Q
441,0,1,"McCarthy, Mr. Timothy J",male,54.0,0,0,17463,51.8625,E46,S
442,1,3,"Palsson, Master. Gosta Leonard",male,2.0,3,1,349909,21.075,,S
443,0,2,"Johnson, Mrs. Oscar W (Elisabeth Vilhelmina Berg)",female,27.0,0,2,347742,11.1333,,
444,1,2,"Nasser, Mrs. Nicholas (Adele Achem)",female,14.0,1,0,237736,30.0708,,C
445,0,3,"Sandstrom, Miss. Marguerite Rut",female,4.0,1,1,349909,16.7,G6,S
446,1,1,"Bonnell, Miss. Elizabeth",female,58.0,0,0,113781,26.55,C103,S
447,0,3,"Saundercock, Mr. William Henry",male,20.0,0,0,A/5. 2151,8.05,,S
448,1,2,"Andersson, Mr. Anders Johan",male,39.0,4,2,347082,31.275,,S
449,0,3,"Braund, Mr. Owen Harris",male,22.0,1,0,A/5 21171,7.25,,S
450,1,1,"Cumings, Mrs. John Bradley (Florence Briggs Thayer)",female,38.0,1,0,PC 17599,71.2833,C85,C
451,1,3,"Heikkinen, Miss. Laina",female,26.0,0,0,STON/O2. 3101282,7.925,,S
452,0,1,"Futrelle, Mrs. Jacques Heath (Lily May Peel)",female,35.0,1,0,113803,53.1,C123,S
453,0,3,"Allen, Mr. William Henry",male,35.0,0,0,373450,8.05,,S
454,1,3,"Moran, Mr. James",male,,0,0,330877,8.4583,,Q
455,0,1,"McCarthy, Mr. Timothy J",male,54.0,0,0,17463,51.8625,E46,S
456,1,3,"Palsson, Master. Gosta Leonard",male,2.0,3,1,349909,21.075,,S
457,0,2,"Johnson, Mrs. Oscar W (Elisabeth Vilhelmina Berg)",female,27.0,0,2,347742,11.1333,,
458,1,2,"Nasser, Mrs. Nicholas (Adele Achem)",female,14.0,1,0,237736,30.0708,,C
459,0,3,"Sandstrom, Miss. Marguerite Rut",female,4.0,1,1,349909,16.7,G6,S
460,1,1,"Bonnell, Miss. Elizabeth",female,58.0,0,0,113781,26.55,C103,S
461,0,3,"Saundercock, Mr. William Henry",male,20.0,0,0,A/5. 2151,8.05,,S
462,1,2,"Andersson, Mr. Anders Johan",male,39.0,4,2,347082,31.275,,S
463,0,3,"Braund, Mr. Owen Harris",male,22.0,1,0,A/5 21171,7.25,,S
464,1,1,"Cumings, Mrs. John Bradley (Florence Briggs Thayer)",female,38.0,1,0,PC 17599,71.2833,C85,C
465,1,3,"Heikkinen, Miss. Laina",female,26.0,0,0,STON/O2. 3101282,7.925,,S
466,0,1,"Futrelle, Mrs. Jacques Heath (Lily May Peel)",female,35.0,1,0,113803,53.1,C123,S
467,0,3,"Allen, Mr. William Henry",male,35.0,0,0,373450,8.05,,S
468,1,3,"Moran, Mr. James",male,,0,0,330877,8.4583,,Q
469,0,1,"McCarthy, Mr. Timothy J",male,54.0,0,0,17463,51.8625,E46,S
470,1,3,"Palsson, Master. Gosta Leonard",male,2.0,3,1,349909,21.075,,S
471,0,2,"Johnson, Mrs. Oscar W (Elisabeth Vilhelmina Berg)",female,27.0,0,2,347742,11.1333,,
472,1,2,"Nasser, Mrs. Nicholas (Adele Achem)",female,14.0,1,0,237736,30.0708,,C
473,0,3,"Sandstrom, Miss. Marguerite Rut",female,4.0,1,1,349909,16.7,G6,S
474,1,1,"Bonnell, Miss. Elizabeth",female,58.0,0,0,113781,26.55,C103,S
475,0,3,"Saundercock, Mr. William Henry",male,20.0,0,0,A/5. 2151,8.05,,S
476,1,2,"Andersson, Mr. Anders Johan",male,39.0,4,2,347082,31.275,,S
477,0,3,"Braund, Mr. Owen Harris",male,22.0,1,0,A/5 21171,7.25,,S
478,1,1,"Cumings, Mrs. John Bradley (Florence Briggs Thayer)",female,38.0,1,0,PC 17599,71.2833,C85,C
479,1,3,"Heikkinen, Miss. Laina",female,26.0,0,0,STON/O2. 3101282,7.925,,S
480,0,1,"Futrelle, Mrs. Jacques Heath (Lily May Peel)",female,35.0,1,0,113803,53.1,C123,S
481,0,3,"Allen, Mr. William Henry",male,35.0,0,0,373450,8.05,,S
482,1,3,"Moran, Mr. James",male,,0,0,330877,8.4583,,Q
483,0,1,"McCarthy, Mr. Timothy J",male,54.0,0,0,17463,51.8625,E46,S
484,1,3,"Palsson, Master. Gosta Leonard",male,2.0,3,1,349909,21.075,,S
485,0,2,"Johnson, Mrs. Oscar W (Elisabeth Vilhelmina Berg)",female,27.0,0,2,347742,11.1333,,
486,1,2,"Nasser, Mrs. Nicholas (Adele Achem)",female,14.0,1,0,237736,30.0708,,C
487,0,3,"Sandstrom, Miss. Marguerite Rut",female,4.0,1,1,349909,16.7,G6,S
488,1,1,"Bonnell, Miss. Elizabeth",female,58.0,0,0,113781,26.55,C103,S
489,0,3,"Saundercock, Mr. William Henry",male,20.0,0,0,A/5. 2151,8.05,,S
490,1,2,"Andersson, Mr. Anders Johan",male,39.0,4,2,347082,31.275,,S
491,0,3,"Braund, Mr. Owen Harris",male,22.0,1,0,A/5 21171,7.25,,S
492,1,1,"Cumings, Mrs. John Bradley (Florence Briggs Thayer)",female,38.0,1,0,PC 17599,71.2833,C85,C
493,1,3,"Heikkinen, Miss. Laina",female,26.0,0,0,STON/O2. 3101282,7.925,,S
494,0,1,"Futrelle, Mrs. Jacques Heath (Lily May Peel)",female,35.0,1,0,113803,53.1,C123,S
495,0,3,"Allen, Mr. William Henry",male,35.0,0,0,373450,8.05,,S
496,1,3,"Moran, Mr. James",male,,0,0,330877,8.4583,,Q
497,0,1,"McCarthy, Mr. Timothy J",male,54.0,0,0,17463,51.8625,E46,S
498,1,3,"Palsson, Master. Gosta Leonard",male,2.0,3,1,349909,21.075,,S
499,0,2,"Johnson, Mrs. Oscar W (Elisabeth Vilhelmina Berg)",female,27.0,0,2,347742,11.1333,,
500,1,2,"Nasser, Mrs. Nicholas (Adele Achem)",female,14.0,1,0,237736,30.0708,,C
501,0,3,"Sandstrom, Miss. Marguerite Rut",female,4.0,1,1,349909,16.7,G6,S
502,1,1,"Bonnell, Miss. Elizabeth",female,58.0,0,0,113781,26.55,C103,S
503,0,3,"Saundercock, Mr. William Henry",male,20.0,0,0,A/5. 2151,8.05,,S
504,1,2,"Andersson, Mr. Anders Johan",male,39.0,4,2,347082,31.275,,S
505,0,3,"Braund, Mr. Owen Harris",male,22.0,1,0,A/5 21171,7.25,,S
506,1,1,"Cumings, Mrs. John Bradley (Florence Briggs Thayer)",female,38.0,1,0,PC 17599,71.2833,C85,C
507,1,3,"Heikkinen, Miss. Laina",female,26.0,0,0,STON/O2. 3101282,7.925,,S
508,0,1,"Futrelle, Mrs. Jacques Heath (Lily May Peel)",female,35.0,1,0,113803,53.1,C123,S
509,0,3,"Allen, Mr. William Henry",male,35.0,0,0,373450,8.05,,S
510,1,3,"Moran, Mr. James",male,,0,0,330877,8.4583,,Q
511,0,1,"McCarthy, Mr. Timothy J",male,54.0,0,0,17463,51.8625,E46,S
512,1,3,"Palsson, Master. Gosta Leonard",male,2.0,3,1,349909,21.075,,S
513,0,2,"Johnson, Mrs. Oscar W (Elisabeth Vilhelmina Berg)",female,27.0,0,2,347742,11.1333,,
514,1,2,"Nasser, Mrs. Nicholas (Adele Achem)",female,14.0,1,0,237736,30.0708,,C
515,0,3,"Sandstrom, Miss. Marguerite Rut",female,4.0,1,1,349909,16.7,G6,S
516,1,1,"Bonnell, Miss. Elizabeth",female,58.0,0,0,113781,26.55,C103,S
517,0,3,"Saundercock, Mr. William Henry",male,20.0,0,0,A/5. 2151,8.05,,S
518,1,2,"Andersson, Mr. Anders Johan",male,39.0,4,2,347082,31.275,,S
519,0,3,"Braund, Mr. Owen Harris",male,22.0,1,0,A/5 21171,7.25,,S
520,1,1,"Cumings, Mrs. John Bradley (Florence Briggs Thayer)",female,38.0,1,0,PC 17599,71.2833,C85,C
521,1,3,"Heikkinen, Miss. Laina",female,26.0,0,0,STON/O2. 3101282,7.925,,S
522,0,1,"Futrelle, Mrs. Jacques Heath (Lily May Peel)",female,35.0,1,0,113803,53.1,C123,S
523,0,3,"Allen, Mr. William Henry",male,35.0,0,0,373450,8.05,,S
524,1,3,"Moran, Mr. James",male,,0,0,330877,8.4583,,Q
525,0,1,"McCarthy, Mr. Timothy J",male,54.0,0,0,17463,51.8625,E46,S
526,1,3,"Palsson, Master. Gosta Leonard",male,2.0,3,1,349909,21.075,,S
527,0,2,"Johnson, Mrs. Oscar W (Elisabeth Vilhelmina Berg)",female,27.0,0,2,347742,11.1333,,
528,1,2,"Nasser, Mrs. Nicholas (Adele Achem)",female,14.0,1,0,237736,30.0708,,C
529,0,3,"Sandstrom, Miss. Marguerite Rut",female,4.0,1,1,349909,16.7,G6,S
530,1,1,"Bonnell, Miss. Elizabeth",female,58.0,0,0,113781,26.55,C103,S
531,0,3,"Saundercock, Mr. William Henry",male,20.0,0,0,A/5. 2151,8.05,,S
532,1,2,"Andersson, Mr. Anders Johan",male,39.0,4,2,347082,31.275,,S
533,0,3,"Braund, Mr. Owen Harris",male,22.0,1,0,A/5 21171,7.25,,S
534,1,1,"Cumings, Mrs. John Bradley (Florence Briggs Thayer)",female,38.0,1,0,PC 17599,71.2833,C85,C
535,1,3,"Heikkinen, Miss. Laina",female,26.0,0,0,STON/O2. 3101282,7.925,,S
536,0,1,"Futrelle, Mrs. Jacques Heath (Lily May Peel)",female,35.0,1,0,113803,53.1,C123,S
537,0,3,"Allen, Mr. William Henry",male,35.0,0,0,373450,8.05,,S
538,1,3,"Moran, Mr. James",male,,0,0,330877,8.4583,,Q
539,0,1,"McCarthy, Mr. Timothy J",male,54.0,0,0,17463,51.8625,E46,S
540,1,3,"Palsson, Master. Gosta Leonard",male,2.0,3,1,349909,21.075,,S
541,0,2,"Johnson, Mrs. Oscar W (Elisabeth Vilhelmina Berg)",female,27.0,0,2,347742,11.1333,,
542,1,2,"Nasser, Mrs. Nicholas (Adele Achem)",female,14.0,1,0,237736,30.0708,,C
543,0,3,"Sandstrom, Miss. Marguerite Rut",female,4.0,1,1,349909,16.7,G6,S
544,1,1,"Bonnell, Miss. Elizabeth",female,58.0,0,0,113781,26.55,C103,S
545,0,3,"Saundercock, Mr. William Henry",male,20.0,0,0,A/5. 2151,8.05,,S
546,1,2,"Andersson, Mr. Anders Johan",male,39.0,4,2,347082,31.275,,S
547,0,3,"Braund, Mr. Owen Harris",male,22.0,1,0,A/5 21171,7.25,,S
548,1,1,"Cumings, Mrs. John Bradley (Florence Briggs Thayer)",female,38.0,1,0,PC 17599,71.2833,C85,C
549,1,3,"Heikkinen, Miss. Laina",female,26.0,0,0,STON/O2. 3101282,7.925,,S
550,0,1,"Futrelle, Mrs. Jacques Heath (Lily May Peel)",female,35.0,1,0,113803,53.1,C123,S
551,0,3,"Allen, Mr. William Henry",male,35.0,0,0,373450,8.05,,S
552,1,3,"Moran, Mr. James",male,,0,0,330877,8.4583,,Q
553,0,1,"McCarthy, Mr. Timothy J",male,54.0,0,0,17463,51.8625,E46,S
554,1,3,"Palsson, Master. Gosta Leonard",male,2.0,3,1,349909,21.075,,S
555,0,2,"Johnson, Mrs. Oscar W (Elisabeth Vilhelmina Berg)",female,27.0,0,2,347742,11.1333,,
556,1,2,"Nasser, Mrs. Nicholas (Adele Achem)",female,14.0,1,0,237736,30.0708,,C
557,0,3,"Sandstrom, Miss. Marguerite Rut",female,4.0,1,1,349909,16.7,G6,S
558,1,1,"Bonnell, Miss. Elizabeth",female,58.0,0,0,113781,26.55,C103,S
559,0,3,"Saundercock, Mr. William Henry",male,20.0,0,0,A/5. 2151,8.05,,S
560,1,2,"Andersson, Mr. Anders Johan",male,39.0,4,2,347082,31.275,,S
561,0,3,"Braund, Mr. Owen Harris",male,22.0,1,0,A/5 21171,7.25,,S
562,1,1,"Cumings, Mrs. John Bradley (Florence Briggs Thayer)",female,38.0,1,0,PC 17599,71.2833,C85,C
563,1,3,"Heikkinen, Miss. Laina",female,26.0,0,0,STON/O2. 3101282,7.925,,S
564,0,1,"Futrelle, Mrs. Jacques Heath (Lily May Peel)",female,35.0,1,0,113803,53.1,C123,S
565,0,3,"Allen, Mr. William Henry",male,35.0,0,0,373450,8.05,,S
566,1,3,"Moran, Mr. James",male,,0,0,330877,8.4583,,Q
567,0,1,"McCarthy, Mr. Timothy J",male,54.0,0,0,17463,51.8625,E46,S
568,1,3,"Palsson, Master. Gosta Leonard",male,2.0,3,1,349909,21.075,,S
569,0,2,"Johnson, Mrs. Oscar W (Elisabeth Vilhelmina Berg)",female,27.0,0,2,347742,11.1333,,
570,1,2,"Nasser, Mrs. Nicholas (Adele Achem)",female,14.0,1,0,237736,30.0708,,C
571,0,3,"Sandstrom, Miss. Marguerite Rut",female,4.0,1,1,349909,16.7,G6,S
572,1,1,"Bonnell, Miss. Elizabeth",female,58.0,0,0,113781,26.55,C103,S
573,0,3,"Saundercock, Mr. William Henry",male,20.0,0,0,A/5. 2151,8.05,,S
574,1,2,"Andersson, Mr. Anders Johan",male,39.0,4,2,347082,31.275,,S
575,0,3,"Braund, Mr. Owen Harris",male,22.0,1,0,A/5 21171,7.25,,S
576,1,1,"Cumings, Mrs. John Bradley (Florence Briggs Thayer)",female,38.0,1,0,PC 17599,71.2833,C85,C
577,1,3,"Heikkinen, Miss. Laina",female,26.0,0,0,STON/O2. 3101282,7.925,,S
578,0,1,"Futrelle, Mrs. Jacques Heath (Lily May Peel)",female,35.0,1,0,113803,53.1,C123,S
579,0,3,"Allen, Mr. William Henry",male,35.0,0,0,373450,8.05,,S
580,1,3,"Moran, Mr. James",male,,0,0,330877,8.4583,,Q
581,0,1,"McCarthy, Mr. Timothy J",male,54.0,0,0,17463,51.8625,E46,S
582,1,3,"Palsson, Master. Gosta Leonard",male,2.0,3,1,349909,21.075,,S
583,0,2,"Johnson, Mrs. Oscar W (Elisabeth Vilhelmina Berg)",female,27.0,0,2,347742,11.1333,,
584,1,2,"Nasser, Mrs. Nicholas (Adele Achem)",female,14.0,1,0,237736,30.0708,,C
585,0,3,"Sandstrom, Miss. Marguerite Rut",female,4.0,1,1,349909,16.7,G6,S
586,1,1,"Bonnell, Miss. Elizabeth",female,58.0,0,0,113781,26.55,C103,S
587,0,3,"Saundercock, Mr. William Henry",male,20.0,0,0,A/5. 2151,8.05,,S
588,1,2,"Andersson, Mr. Anders Johan",male,39.0,4,2,347082,31.275,,S
589,0,3,"Braund, Mr. Owen Harris",male,22.0,1,0,A/5 21171,7.25,,S
590,1,1,"Cumings, Mrs. John Bradley (Florence Briggs Thayer)",female,38.0,1,0,PC 17599,71.2833,C85,C
591,1,3,"Heikkinen, Miss. Laina",female,26.0,0,0,STON/O2. 3101282,7.925,,S
592,0,1,"Futrelle, Mrs. Jacques Heath (Lily May Peel)",female,35.0,1,0,113803,53.1,C123,S
593,0,3,"Allen, Mr. William Henry",male,35.0,0,0,373450,8.05,,S
594,1,3,"Moran, Mr. James",male,,0,0,330877,8.4583,,Q
595,0,1,"McCarthy, Mr. Timothy J",male,54.0,0,0,17463,51.8625,E46,S
596,1,3,"Palsson, Master. Gosta Leonard",male,2.0,3,1,349909,21.075,,S
597,0,2,"Johnson, Mrs. Oscar W (Elisabeth Vilhelmina Berg)",female,27.0,0,2,347742,11.1333,,
598,1,2,"Nasser, Mrs. Nicholas (Adele Achem)",female,14.0,1,0,237736,30.0708,,C
599,0,3,"Sandstrom, Miss. Marguerite Rut",female,4.0,1,1,349909,16.7,G6,S
600,1,1,"Bonnell, Miss. Elizabeth",female,58.0,0,0,113781,26.55,C103,S
601,0,3,"Saundercock, Mr. William Henry",male,20.0,0,0,A/5. 2151,8.05,,S
602,1,2,"Andersson, Mr. Anders Johan",male,39.0,4,2,347082,31.275,,S
603,0,3,"Braund, Mr. Owen Harris",male,22.0,1,0,A/5 21171,7.25,,S
604,1,1,"Cumings, Mrs. John Bradley (Florence Briggs Thayer)",female,38.0,1,0,PC 17599,71.2833,C85,C
605,1,3,"Heikkinen, Miss. Laina",female,26.0,0,0,STON/O2. 3101282,7.925,,S
606,0,1,"Futrelle, Mrs. Jacques Heath (Lily May Peel)",female,35.0,1,0,113803,53.1,C123,S
607,0,3,"Allen, Mr. William Henry",male,35.0,0,0,373450,8.05,,S
608,1,3,"Moran, Mr. James",male,,0,0,330877,8.4583,,Q
609,0,1,"McCarthy, Mr. Timothy J",male,54.0,0,0,17463,51.8625,E46,S
610,1,3,"Palsson, Master. Gosta Leonard",male,2.0,3,1,349909,21.075,,S
611,0,2,"Johnson, Mrs. Oscar W (Elisabeth Vilhelmina Berg)",female,27.0,0,2,347742,11.1333,,
612,1,2,"Nasser, Mrs. Nicholas (Adele Achem)",female,14.0,1,0,237736,30.0708,,C
613,0,3,"Sandstrom, Miss. Marguerite Rut",female,4.0,1,1,349909,16.7,G6,S
614,1,1,"Bonnell, Miss. Elizabeth",female,58.0,0,0,113781,26.55,C103,S
615,0,3,"Saundercock, Mr. William Henry",male,20.0,0,0,A/5. 2151,8.05,,S
616,1,2,"Andersson, Mr. Anders Johan",male,39.0,4,2,347082,31.275,,S
617,0,3,"Braund, Mr. Owen Harris",male,22.0,1,0,A/5 21171,7.25,,S
618,1,1,"Cumings, Mrs. John Bradley (Florence Briggs Thayer)",female,38.0,1,0,PC 17599,71.2833,C85,C
619,1,3,"Heikkinen, Miss. Laina",female,26.0,0,0,STON/O2. 3101282,7.925,,S
620,0,1,"Futrelle, Mrs. Jacques Heath (Lily May Peel)",female,35.0,1,0,113803,53.1,C123,S
621,0,3,"Allen, Mr. William Henry",male,35.0,0,0,373450,8.05,,S
622,1,3,"Moran, Mr. James",male,,0,0,330877,8.4583,,Q
623,0,1,"McCarthy, Mr. Timothy J",male,54.0,0,0,17463,51.8625,E46,S
624,1,3,"Palsson, Master. Gosta Leonard",male,2.0,3,1,349909,21.075,,S
625,0,2,"Johnson, Mrs. Oscar W (Elisabeth Vilhelmina Berg)",female,27.0,0,2,347742,11.1333,,
626,1,2,"Nasser, Mrs. Nicholas (Adele Achem)",female,14.0,1,0,237736,30.0708,,C
627,0,3,"Sandstrom, Miss. Marguerite Rut",female,4.0,1,1,349909,16.7,G6,S
628,1,1,"Bonnell, Miss. Elizabeth",female,58.0,0,0,113781,26.55,C103,S
629,0,3,"Saundercock, Mr. William Henry",male,20.0,0,0,A/5. 2151,8.05,,S
630,1,2,"Andersson, Mr. Anders Johan",male,39.0,4,2,347082,31.275,,S
631,0,3,"Braund, Mr. Owen Harris",male,22.0,1,0,A/5 21171,7.25,,S
632,1,1,"Cumings, Mrs. John Bradley (Florence Briggs Thayer)",female,38.0,1,0,PC 17599,71.2833,C85,C
633,1,3,"Heikkinen, Miss. Laina",female,26.0,0,0,STON/O2. 3101282,7.925,,S
634,0,1,"Futrelle, Mrs. Jacques Heath (Lily May Peel)",female,35.0,1,0,113803,53.1,C123,S
635,0,3,"Allen, Mr. William Henry",male,35.0,0,0,373450,8.05,,S
636,1,3,"Moran, Mr. James",male,,0,0,330877,8.4583,,Q
637,0,1,"McCarthy, Mr. Timothy J",male,54.0,0,0,17463,51.8625,E46,S
638,1,3,"Palsson, Master. Gosta Leonard",male,2.0,3,1,349909,21.075,,S
639,0,2,"Johnson, Mrs. Oscar W (Elisabeth Vilhelmina Berg)",female,27.0,0,2,347742,11.1333,,
640,1,2,"Nasser, Mrs. Nicholas (Adele Achem)",female,14.0,1,0,237736,30.0708,,C
641,0,3,"Sandstrom, Miss. Marguerite Rut",female,4.0,1,1,349909,16.7,G6,S
642,1,1,"Bonnell, Miss. Elizabeth",female,58.0,0,0,113781,26.55,C103,S
643,0,3,"Saundercock, Mr. William Henry",male,20.0,0,0,A/5. 2151,8.05,,S
644,1,2,"Andersson, Mr. Anders Johan",male,39.0,4,2,347082,31.275,,S
645,0,3,"Braund, Mr. Owen Harris",male,22.0,1,0,A/5 21171,7.25,,S
646,1,1,"Cumings, Mrs. John Bradley (Florence Briggs Thayer)",female,38.0,1,0,PC 17599,71.2833,C85,C
647,1,3,"Heikkinen, Miss. Laina",female,26.0,0,0,STON/O2. 3101282,7.925,,S
648,0,1,"Futrelle, Mrs. Jacques Heath (Lily May Peel)",female,35.0,1,0,113803,53.1,C123,S
649,0,3,"Allen, Mr. William Henry",male,35.0,0,0,373450,8.05,,S
650,1,3,"Moran, Mr. James",male,,0,0,330877,8.4583,,Q
651,0,1,"McCarthy, Mr. Timothy J",male,54.0,0,0,17463,51.8625,E46,S
652,1,3,"Palsson, Master. Gosta Leonard",male,2.0,3,1,349909,21.075,,S
653,0,2,"Johnson, Mrs. Oscar W (Elisabeth Vilhelmina Berg)",female,27.0,0,2,347742,11.1333,,
654,1,2,"Nasser, Mrs. Nicholas (Adele Achem)",female,14.0,1,0,237736,30.0708,,C
655,0,3,"Sandstrom, Miss. Marguerite Rut",female,4.0,1,1,349909,16.7,G6,S
656,1,1,"Bonnell, Miss. Elizabeth",female,58.0,0,0,113781,26.55,C103,S
657,0,3,"Saundercock, Mr. William Henry",male,20.0,0,0,A/5. 2151,8.05,,S
658,1,2,"Andersson, Mr. Anders Johan",male,39.0,4,2,347082,31.275,,S
659,0,3,"Braund, Mr. Owen Harris",male,22.0,1,0,A/5 21171,7.25,,S
660,1,1,"Cumings, Mrs. John Bradley (Florence Briggs Thayer)",female,38.0,1,0,PC 17599,71.2833,C85,C
661,1,3,"Heikkinen, Miss. Laina",female,26.0,0,0,STON/O2. 3101282,7.925,,S
662,0,1,"Futrelle, Mrs. Jacques Heath (Lily May Peel)",female,35.0,1,0,113803,53.1,C123,S
663,0,3,"Allen, Mr. William Henry",male,35.0,0,0,373450,8.05,,S
664,1,3,"Moran, Mr. James",male,,0,0,330877,8.4583,,Q
665,0,1,"McCarthy, Mr. Timothy J",male,54.0,0,0,17463,51.8625,E46,S
666,1,3,"Palsson, Master. Gosta Leonard",male,2.0,3,1,349909,21.075,,S
667,0,2,"Johnson, Mrs. Oscar W (Elisabeth Vilhelmina Berg)",female,27.0,0,2,347742,11.1333,,
668,1,2,"Nasser, Mrs. Nicholas (Adele Achem)",female,14.0,1,0,237736,30.0708,,C
669,0,3,"Sandstrom, Miss. Marguerite Rut",female,4.0,1,1,349909,16.7,G6,S
670,1,1,"Bonnell, Miss. Elizabeth",female,58.0,0,0,113781,26.55,C103,S
671,0,3,"Saundercock, Mr. William Henry",male,20.0,0,0,A/5. 2151,8.05,,S
672,1,2,"Andersson, Mr. Anders Johan",male,39.0,4,2,347082,31.275,,S
673,0,3,"Braund, Mr. Owen Harris",male,22.0,1,0,A/5 21171,7.25,,S
674,1,1,"Cumings, Mrs. John Bradley (Florence Briggs Thayer)",female,38.0,1,0,PC 17599,71.2833,C85,C
675,1,3,"Heikkinen, Miss. Laina",female,26.0,0,0,STON/O2. 3101282,7.925,,S
676,0,1,"Futrelle, Mrs. Jacques Heath (Lily May Peel)",female,35.0,1,0,113803,53.1,C123,S
677,0,3,"Allen, Mr. William Henry",male,35.0,0,0,373450,8.05,,S
678,1,3,"Moran, Mr. James",male,,0,0,330877,8.4583,,Q
679,0,1,"McCarthy, Mr. Timothy J",male,54.0,0,0,17463,51.8625,E46,S
680,1,3,"Palsson, Master. Gosta Leonard",male,2.0,3,1,349909,21.075,,S
681,0,2,"Johnson, Mrs. Oscar W (Elisabeth Vilhelmina Berg)",female,27.0,0,2,347742,11.1333,,
682,1,2,"Nasser, Mrs. Nicholas (Adele Achem)",female,14.0,1,0,237736,30.0708,,C
683,0,3,"Sandstrom, Miss. Marguerite Rut",female,4.0,1,1,349909,16.7,G6,S
684,1,1,"Bonnell, Miss. Elizabeth",female,58.0,0,0,113781,26.55,C103,S
685,0,3,"Saundercock, Mr. William Henry",male,20.0,0,0,A/5. 2151,8.05,,S
686,1,2,"Andersson, Mr. Anders Johan",male,39.0,4,2,347082,31.275,,S
687,0,3,"Braund, Mr. Owen Harris",male,22.0,1,0,A/5 21171,7.25,,S
688,1,1,"Cumings, Mrs. John Bradley (Florence Briggs Thayer)",female,38.0,1,0,PC 17599,71.2833,C85,C
689,1,3,"Heikkinen, Miss. Laina",female,26.0,0,0,STON/O2. 3101282,7.925,,S
690,0,1,"Futrelle, Mrs. Jacques Heath (Lily May Peel)",female,35.0,1,0,113803,53.1,C123,S
691,0,3,"Allen, Mr. William Henry",male,35.0,0,0,373450,8.05,,S
692,1,3,"Moran, Mr. James",male,,0,0,330877,8.4583,,Q
693,0,1,"McCarthy, Mr. Timothy J",male,54.0,0,0,17463,51.8625,E46,S
694,1,3,"Palsson, Master. Gosta Leonard",male,2.0,3,1,349909,21.075,,S
695,0,2,"Johnson, Mrs. Oscar W (Elisabeth Vilhelmina Berg)",female,27.0,0,2,347742,11.1333,,
696,1,2,"Nasser, Mrs. Nicholas (Adele Achem)",female,14.0,1,0,237736,30.0708,,C
697,0,3,"Sandstrom, Miss. Marguerite Rut",female,4.0,1,1,349909,16.7,G6,S
698,1,1,"Bonnell, Miss. Elizabeth",female,58.0,0,0,113781,26.55,C103,S
699,0,3,"Saundercock, Mr. William Henry",male,20.0,0,0,A/5. 2151,8.05,,S
700,1,2,"Andersson, Mr. Anders Johan",male,39.0,4,2,347082,31.275,,S
701,0,3,"Braund, Mr. Owen Harris",male,22.0,1,0,A/5 21171,7.25,,S
702,1,1,"Cumings, Mrs. John Bradley (Florence Briggs Thayer)",female,38.0,1,0,PC 17599,71.2833,C85,C
703,1,3,"Heikkinen, Miss. Laina",female,26.0,0,0,STON/O2. 3101282,7.925,,S
704,0,1,"Futrelle, Mrs. Jacques Heath (Lily May Peel)",female,35.0,1,0,113803,53.1,C123,S
705,0,3,"Allen, Mr. William Henry",male,35.0,0,0,373450,8.05,,S
706,1,3,"Moran, Mr. James",male,,0,0,330877,8.4583,,Q
707,0,1,"McCarthy, Mr. Timothy J",male,54.0,0,0,17463,51.8625,E46,S
708,1,3,"Palsson, Master. Gosta Leonard",male,2.0,3,1,349909,21.075,,S
709,0,2,"Johnson, Mrs. Oscar W (Elisabeth Vilhelmina Berg)",female,27.0,0,2,347742,11.1333,,
710,1,2,"Nasser, Mrs. Nicholas (Adele Achem)",female,14.0,1,0,237736,30.0708,,C
711,0,3,"Sandstrom, Miss. Marguerite Rut",female,4.0,1,1,349909,16.7,G6,S
712,1,1,"Bonnell, Miss. Elizabeth",female,58.0,0,0,113781,26.55,C103,S
713,0,3,"Saundercock, Mr. William Henry",male,20.0,0,0,A/5. 2151,8.05,,S
714,1,2,"Andersson, Mr. Anders Johan",male,39.0,4,2,347082,31.275,,S
715,0,3,"Braund, Mr. Owen Harris",male,22.0,1,0,A/5 21171,7.25,,S
716,1,1,"Cumings, Mrs. John Bradley (Florence Briggs Thayer)",female,38.0,1,0,PC 17599,71.2833,C85,C
717,1,3,"Heikkinen, Miss. Laina",female,26.0,0,0,STON/O2. 3101282,7.925,,S
718,0,1,"Futrelle, Mrs. Jacques Heath (Lily May Peel)",female,35.0,1,0,113803,53.1,C123,S
719,0,3,"Allen, Mr. William Henry",male,35.0,0,0,373450,8.05,,S
720,1,3,"Moran, Mr. James",male,,0,0,330877,8.4583,,Q
721,0,1,"McCarthy, Mr. Timothy J",male,54.0,0,0,17463,51.8625,E46,S
722,1,3,"Palsson, Master. Gosta Leonard",male,2.0,3,1,349909,21.075,,S
723,0,2,"Johnson, Mrs. Oscar W (Elisabeth Vilhelmina Berg)",female,27.0,0,2,347742,11.1333,,
724,1,2,"Nasser, Mrs. Nicholas (Adele Achem)",female,14.0,1,0,237736,30.0708,,C
725,0,3,"Sandstrom, Miss. Marguerite Rut",female,4.0,1,1,349909,16.7,G6,S
726,1,1,"Bonnell, Miss. Elizabeth",female,58.0,0,0,113781,26.55,C103,S
727,0,3,"Saundercock, Mr. William Henry",male,20.0,0,0,A/5. 2151,8.05,,S
728,1,2,"Andersson, Mr. Anders Johan",male,39.0,4,2,347082,31.275,,S
729,0,3,"Braund, Mr. Owen Harris",male,22.0,1,0,A/5 21171,7.25,,S
730,1,1,"Cumings, Mrs. John Bradley (Florence Briggs Thayer)",female,38.0,1,0,PC 17599,71.2833,C85,C
731,1,3,"Heikkinen, Miss. Laina",female,26.0,0,0,STON/O2. 3101282,7.925,,S
732,0,1,"Futrelle, Mrs. Jacques Heath (Lily May Peel)",female,35.0,1,0,113803,53.1,C123,S
733,0,3,"Allen, Mr. William Henry",male,35.0,0,0,373450,8.05,,S
734,1,3,"Moran, Mr. James",male,,0,0,330877,8.4583,,Q
735,0,1,"McCarthy, Mr. Timothy J",male,54.0,0,0,17463,51.8625,E46,S
736,1,3,"Palsson, Master. Gosta Leonard",male,2.0,3,1,349909,21.075,,S
737,0,2,"Johnson, Mrs. Oscar W (Elisabeth Vilhelmina Berg)",female,27.0,0,2,347742,11.1333,,
738,1,2,"Nasser, Mrs. Nicholas (Adele Achem)",female,14.0,1,0,237736,30.0708,,C
739,0,3,"Sandstrom, Miss. Marguerite Rut",female,4.0,1,1,349909,16.7,G6,S
740,1,1,"Bonnell, Miss. Elizabeth",female,58.0,0,0,113781,26.55,C103,S
741,0,3,"Saundercock, Mr. William Henry",male,20.0,0,0,A/5. 2151,8.05,,S
742,1,2,"Andersson, Mr. Anders Johan",male,39.0,4,2,347082,31.275,,S
743,0,3,"Braund, Mr. Owen Harris",male,22.0,1,0,A/5 21171,7.25,,S
744,1,1,"Cumings, Mrs. John Bradley (Florence Briggs Thayer)",female,38.0,1,0,PC 17599,71.2833,C85,C
745,1,3,"Heikkinen, Miss. Laina",female,26.0,0,0,STON/O2. 3101282,7.925,,S
746,0,1,"Futrelle, Mrs. Jacques Heath (Lily May Peel)",female,35.0,1,0,113803,53.1,C123,S
747,0,3,"Allen, Mr. William Henry",male,35.0,0,0,373450,8.05,,S
748,1,3,"Moran, Mr. James",male,,0,0,330877,8.4583,,Q
749,0,1,"McCarthy, Mr. Timothy J",male,54.0,0,0,17463,51.8625,E46,S
750,1,3,"Palsson, Master. Gosta Leonard",male,2.0,3,1,349909,21.075,,S
751,0,2,"Johnson, Mrs. Oscar W (Elisabeth Vilhelmina Berg)",female,27.0,0,2,347742,11.1333,,
752,1,2,"Nasser, Mrs. Nicholas (Adele Achem)",female,14.0,1,0,237736,30.0708,,C
753,0,3,"Sandstrom, Miss. Marguerite Rut",female,4.0,1,1,349909,16.7,G6,S
754,1,1,"Bonnell, Miss. Elizabeth",female,58.0,0,0,113781,26.55,C103,S
755,0,3,"Saundercock, Mr. William Henry",male,20.0,0,0,A/5. 2151,8.05,,S
756,1,2,"Andersson, Mr. Anders Johan",male,39.0,4,2,347082,31.275,,S
757,0,3,"Braund, Mr. Owen Harris",male,22.0,1,0,A/5 21171,7.25,,S
758,1,1,"Cumings, Mrs. John Bradley (Florence Briggs Thayer)",female,38.0,1,0,PC 17599,71.2833,C85,C
759,1,3,"Heikkinen, Miss. Laina",female,26.0,0,0,STON/O2. 3101282,7.925,,S
760,0,1,"Futrelle, Mrs. Jacques Heath (Lily May Peel)",female,35.0,1,0,113803,53.1,C123,S
761,0,3,"Allen, Mr. William Henry",male,35.0,0,0,373450,8.05,,S
762,1,3,"Moran, Mr. James",male,,0,0,330877,8.4583,,Q
763,0,1,"McCarthy, Mr. Timothy J",male,54.0,0,0,17463,51.8625,E46,S
764,1,3,"Palsson, Master. Gosta Leonard",male,2.0,3,1,349909,21.075,,S
765,0,2,"Johnson, Mrs. Oscar W (Elisabeth Vilhelmina Berg)",female,27.0,0,2,347742,11.1333,,
766,1,2,"Nasser, Mrs. Nicholas (Adele Achem)",female,14.0,1,0,237736,30.0708,,C
767,0,3,"Sandstrom, Miss. Marguerite Rut",female,4.0,1,1,349909,16.7,G6,S
768,1,1,"Bonnell, Miss. Elizabeth",female,58.0,0,0,113781,26.55,C103,S
769,0,3,"Saundercock, Mr. William Henry",male,20.0,0,0,A/5. 2151,8.05,,S
770,1,2,"Andersson, Mr. Anders Johan",male,39.0,4,2,347082,31.275,,S
771,0,3,"Braund, Mr. Owen Harris",male,22.0,1,0,A/5 21171,7.25,,S
772,1,1,"Cumings, Mrs. John Bradley (Florence Briggs Thayer)",female,38.0,1,0,PC 17599,71.2833,C85,C
773,1,3,"Heikkinen, Miss. Laina",female,26.0,0,0,STON/O2. 3101282,7.925,,S
774,0,1,"Futrelle, Mrs. Jacques Heath (Lily May Peel)",female,35.0,1,0,113803,53.1,C123,S
775,0,3,"Allen, Mr. William Henry",male,35.0,0,0,373450,8.05,,S
776,1,3,"Moran, Mr. James",male,,0,0,330877,8.4583,,Q
777,0,1,"McCarthy, Mr. Timothy J",male,54.0,0,0,17463,51.8625,E46,S
778,1,3,"Palsson, Master. Gosta Leonard",male,2.0,3,1,349909,21.075,,S
779,0,2,"Johnson, Mrs. Oscar W (Elisabeth Vilhelmina Berg)",female,27.0,0,2,347742,11.1333,,
780,1,2,"Nasser, Mrs. Nicholas (Adele Achem)",female,14.0,1,0,237736,30.0708,,C
781,0,3,"Sandstrom, Miss. Marguerite Rut",female,4.0,1,1,349909,16.7,G6,S
782,1,1,"Bonnell, Miss. Elizabeth",female,58.0,0,0,113781,26.55,C103,S
783,0,3,"Saundercock, Mr. William Henry",male,20.0,0,0,A/5. 2151,8.05,,S
784,1,2,"Andersson, Mr. Anders Johan",male,39.0,4,2,347082,31.275,,S
785,0,3,"Braund, Mr. Owen Harris",male,22.0,1,0,A/5 21171,7.25,,S
786,1,1,"Cumings, Mrs. John Bradley (Florence Briggs Thayer)",female,38.0,1,0,PC 17599,71.2833,C85,C
787,1,3,"Heikkinen, Miss. Laina",female,26.0,0,0,STON/O2. 3101282,7.925,,S
788,0,1,"Futrelle, Mrs. Jacques Heath (Lily May Peel)",female,35.0,1,0,113803,53.1,C123,S
789,0,3,"Allen, Mr. William Henry",male,35.0,0,0,373450,8.05,,S
790,1,3,"Moran, Mr. James",male,,0,0,330877,8.4583,,Q
791,0,1,"McCarthy, Mr. Timothy J",male,54.0,0,0,17463,51.8625,E46,S
792,1,3,"Palsson, Master. Gosta Leonard",male,2.0,3,1,349909,21.075,,S
793,0,2,"Johnson, Mrs. Oscar W (Elisabeth Vilhelmina Berg)",female,27.0,0,2,347742,11.1333,,
794,1,2,"Nasser, Mrs. Nicholas (Adele Achem)",female,14.0,1,0,237736,30.0708,,C
795,0,3,"Sandstrom, Miss. Marguerite Rut",female,4.0,1,1,349909,16.7,G6,S
796,1,1,"Bonnell, Miss. Elizabeth",female,58.0,0,0,113781,26.55,C103,S
797,0,3,"Saundercock, Mr. William Henry",male,20.0,0,0,A/5. 2151,8.05,,S
798,1,2,"Andersson, Mr. Anders Johan",male,39.0,4,2,347082,31.275,,S
799,0,3,"Braund, Mr. Owen Harris",male,22.0,1,0,A/5 21171,7.25,,S
800,1,1,"Cumings, Mrs. John Bradley (Florence Briggs Thayer)",female,38.0,1,0,PC 17599,71.2833,C85,C
801,1,3,"Heikkinen, Miss. Laina",female,26.0,0,0,STON/O2. 3101282,7.925,,S
802,0,1,"Futrelle, Mrs. Jacques Heath (Lily May Peel)",female,35.0,1,0,113803,53.1,C123,S
803,0,3,"Allen, Mr. William Henry",male,35.0,0,0,373450,8.05,,S
804,1,3,"Moran, Mr. James",male,,0,0,330877,8.4583,,Q
805,0,1,"McCarthy, Mr. Timothy J",male,54.0,0,0,17463,51.8625,E46,S
806,1,3,"Palsson, Master. Gosta Leonard",male,2.0,3,1,349909,21.075,,S
807,0,2,"Johnson, Mrs. Oscar W (Elisabeth Vilhelmina Berg)",female,27.0,0,2,347742,11.1333,,
808,1,2,"Nasser, Mrs. Nicholas (Adele Achem)",female,14.0,1,0,237736,30.0708,,C
809,0,3,"Sandstrom, Miss. Marguerite Rut",female,4.0,1,1,349909,16.7,G6,S
810,1,1,"Bonnell, Miss. Elizabeth",female,58.0,0,0,113781,26.55,C103,S
811,0,3,"Saundercock, Mr. William Henry",male,20.0,0,0,A/5. 2151,8.05,,S
812,1,2,"Andersson, Mr. Anders Johan",male,39.0,4,2,347082,31.275,,S
813,0,3,"Braund, Mr. Owen Harris",male,22.0,1,0,A/5 21171,7.25,,S
814,1,1,"Cumings, Mrs. John Bradley (Florence Briggs Thayer)",female,38.0,1,0,PC 17599,71.2833,C85,C
815,1,3,"Heikkinen, Miss. Laina",female,26.0,0,0,STON/O2. 3101282,7.925,,S
816,0,1,"Futrelle, Mrs. Jacques Heath (Lily May Peel)",female,35.0,1,0,113803,53.1,C123,S
817,0,3,"Allen, Mr. William Henry",male,35.0,0,0,373450,8.05,,S
818,1,3,"Moran, Mr. James",male,,0,0,330877,8.4583,,Q
819,0,1,"McCarthy, Mr. Timothy J",male,54.0,0,0,17463,51.8625,E46,S
820,1,3,"Palsson, Master. Gosta Leonard",male,2.0,3,1,349909,21.075,,S
821,0,2,"Johnson, Mrs. Oscar W (Elisabeth Vilhelmina Berg)",female,27.0,0,2,347742,11.1333,,
822,1,2,"Nasser, Mrs. Nicholas (Adele Achem)",female,14.0,1,0,237736,30.0708,,C
823,0,3,"Sandstrom, Miss. Marguerite Rut",female,4.0,1,1,349909,16.7,G6,S
824,1,1,"Bonnell, Miss. Elizabeth",female,58.0,0,0,113781,26.55,C103,S
825,0,3,"Saundercock, Mr. William Henry",male,20.0,0,0,A/5. 2151,8.05,,S
826,1,2,"Andersson, Mr. Anders Johan",male,39.0,4,2,347082,31.275,,S
827,0,3,"Braund, Mr. Owen Harris",male,22.0,1,0,A/5 21171,7.25,,S
828,1,1,"Cumings, Mrs. John Bradley (Florence Briggs Thayer)",female,38.0,1,0,PC 17599,71.2833,C85,C
829,1,3,"Heikkinen, Miss. Laina",female,26.0,0,0,STON/O2. 3101282,7.925,,S
830,0,1,"Futrelle, Mrs. Jacques Heath (Lily May Peel)",female,35.0,1,0,113803,53.1,C123,S
831,0,3,"Allen, Mr. William Henry",male,35.0,0,0,373450,8.05,,S
832,1,3,"Moran, Mr. James",male,,0,0,330877,8.4583,,Q
833,0,1,"McCarthy, Mr. Timothy J",male,54.0,0,0,17463,51.8625,E46,S
834,1,3,"Palsson, Master. Gosta Leonard",male,2.0,3,1,349909,21.075,,S
835,0,2,"Johnson, Mrs. Oscar W (Elisabeth Vilhelmina Berg)",female,27.0,0,2,347742,11.1333,,
836,1,2,"Nasser, Mrs. Nicholas (Adele Achem)",female,14.0,1,0,237736,30.0708,,C
837,0,3,"Sandstrom, Miss. Marguerite Rut",female,4.0,1,1,349909,16.7,G6,S
838,1,1,"Bonnell, Miss. Elizabeth",female,58.0,0,0,113781,26.55,C103,S
839,0,3,"Saundercock, Mr. William Henry",male,20.0,0,0,A/5. 2151,8.05,,S
840,1,2,"Andersson, Mr. Anders Johan",male,39.0,4,2,347082,31.275,,S
841,0,3,"Braund, Mr. Owen Harris",male,22.0,1,0,A/5 21171,7.25,,S
842,1,1,"Cumings, Mrs. John Bradley (Florence Briggs Thayer)",female,38.0,1,0,PC 17599,71.2833,C85,C
843,1,3,"Heikkinen, Miss. Laina",female,26.0,0,0,STON/O2. 3101282,7.925,,S
844,0,1,"Futrelle, Mrs. Jacques Heath (Lily May Peel)",female,35.0,1,0,113803,53.1,C123,S
845,0,3,"Allen, Mr. William Henry",male,35.0,0,0,373450,8.05,,S
846,1,3,"Moran, Mr. James",male,,0,0,330877,8.4583,,Q
847,0,1,"McCarthy, Mr. Timothy J",male,54.0,0,0,17463,51.8625,E46,S
848,1,3,"Palsson, Master. Gosta Leonard",male,2.0,3,1,349909,21.075,,S
849,0,2,"Johnson, Mrs. Oscar W (Elisabeth Vilhelmina Berg)",female,27.0,0,2,347742,11.1333,,
850,1,2,"Nasser, Mrs. Nicholas (Adele Achem)",female,14.0,1,0,237736,30.0708,,C
851,0,3,"Sandstrom, Miss. Marguerite Rut",female,4.0,1,1,349909,16.7,G6,S
852,1,1,"Bonnell, Miss. Elizabeth",female,58.0,0,0,113781,26.55,C103,S
853,0,3,"Saundercock, Mr. William Henry",male,20.0,0,0,A/5. 2151,8.05,,S
854,1,2,"Andersson, Mr. Anders Johan",male,39.0,4,2,347082,31.275,,S
855,0,3,"Braund, Mr. Owen Harris",male,22.0,1,0,A/5 21171,7.25,,S
856,1,1,"Cumings, Mrs. John Bradley (Florence Briggs Thayer)",female,38.0,1,0,PC 17599,71.2833,C85,C
857,1,3,"Heikkinen, Miss. Laina",female,26.0,0,0,STON/O2. 3101282,7.925,,S
858,0,1,"Futrelle, Mrs. Jacques Heath (Lily May Peel)",female,35.0,1,0,113803,53.1,C123,S
859,0,3,"Allen, Mr. William Henry",male,35.0,0,0,373450,8.05,,S
860,1,3,"Moran, Mr. James",male,,0,0,330877,8.4583,,Q
861,0,1,"McCarthy, Mr. Timothy J",male,54.0,0,0,17463,51.8625,E46,S
862,1,3,"Palsson, Master. Gosta Leonard",male,2.0,3,1,349909,21.075,,S
863,0,2,"Johnson, Mrs. Oscar W (Elisabeth Vilhelmina Berg)",female,27.0,0,2,347742,11.1333,,
864,1,2,"Nasser, Mrs. Nicholas (Adele Achem)",female,14.0,1,0,237736,30.0708,,C
865,0,3,"Sandstrom, Miss. Marguerite Rut",female,4.0,1,1,349909,16.7,G6,S
866,1,1,"Bonnell, Miss. Elizabeth",female,58.0,0,0,113781,26.55,C103,S
867,0,3,"Saundercock, Mr. William Henry",male,20.0,0,0,A/5. 2151,8.05,,S
868,1,2,"Andersson, Mr. Anders Johan",male,39.0,4,2,347082,31.275,,S
869,0,3,"Braund, Mr. Owen Harris",male,22.0,1,0,A/5 21171,7.25,,S
870,1,1,"Cumings, Mrs. John Bradley (Florence Briggs Thayer)",female,38.0,1,0,PC 17599,71.2833,C85,C
871,1,3,"Heikkinen, Miss. Laina",female,26.0,0,0,STON/O2. 3101282,7.925,,S
872,0,1,"Futrelle, Mrs. Jacques Heath (Lily May Peel)",female,35.0,1,0,113803,53.1,C123,S
873,0,3,"Allen, Mr. William Henry",male,35.0,0,0,373450,8.05,,S
874,1,3,"Moran, Mr. James",male,,0,0,330877,8.4583,,Q
875,0,1,"McCarthy, Mr. Timothy J",male,54.0,0,0,17463,51.8625,E46,S
876,1,3,"Palsson, Master. Gosta Leonard",male,2.0,3,1,349909,21.075,,S
877,0,2,"Johnson, Mrs. Oscar W (Elisabeth Vilhelmina Berg)",female,27.0,0,2,347742,11.1333,,
878,1,2,"Nasser, Mrs. Nicholas (Adele Achem)",female,14.0,1,0,237736,30.0708,,C
879,0,3,"Sandstrom, Miss. Marguerite Rut",female,4.0,1,1,349909,16.7,G6,S
880,1,1,"Bonnell, Miss. Elizabeth",female,58.0,0,0,113781,26.55,C103,S
881,0,3,"Saundercock, Mr. William Henry",male,20.0,0,0,A/5. 2151,8.05,,S
882,1,2,"Andersson, Mr. Anders Johan",male,39.0,4,2,347082,31.275,,S
883,0,3,"Braund, Mr. Owen Harris",male,22.0,1,0,A/5 21171,7.25,,S
884,1,1,"Cumings, Mrs. John Bradley (Florence Briggs Thayer)",female,38.0,1,0,PC 17599,71.2833,C85,C
885,1,3,"Heikkinen, Miss. Laina",female,26.0,0,0,STON/O2. 3101282,7.925,,S
886,0,1,"Futrelle, Mrs. Jacques Heath (Lily May Peel)",female,35.0,1,0,113803,53.1,C123,S
887,0,3,"Allen, Mr. William Henry",male,35.0,0,0,373450,8.05,,S
888,1,3,"Moran, Mr. James",male,,0,0,330877,8.4583,,Q
889,0,1,"McCarthy, Mr. Timothy J",male,54.0,0,0,17463,51.8625,E46,S
890,1,3,"Palsson, Master. Gosta Leonard",male,2.0,3,1,349909,21.075,,S
891,0,2,"Johnson, Mrs. Oscar W (Elisabeth Vilhelmina Berg)",female,27.0,0,2,347742,11.1333,,
